id,timestamp_ms,ax,ay,az,vib_mag,sound,temp,label
0,790,0.00,0.39,1.03,1.10,47.29,44.44,IMBALANCE_SPEED2
1,888,0.02,0.39,1.03,1.10,52.68,44.44,IMBALANCE_SPEED2
2,988,0.02,0.39,1.03,1.10,30.19,44.44,IMBALANCE_SPEED2
3,1087,0.38,-1.96,-0.52,2.06,58.68,44.44,IMBALANCE_SPEED2
4,1188,0.02,0.40,1.03,1.11,34.38,44.44,IMBALANCE_SPEED2
5,1287,0.38,-1.96,-0.52,2.06,30.99,44.44,IMBALANCE_SPEED2
6,1388,0.01,0.38,1.03,1.10,67.14,44.44,IMBALANCE_SPEED2
7,1487,0.38,-1.96,-0.52,2.06,45.39,44.44,IMBALANCE_SPEED2
8,1588,-0.01,0.38,1.03,1.10,42.80,44.44,IMBALANCE_SPEED2
9,1687,0.38,-1.96,-0.52,2.06,58.52,44.44,IMBALANCE_SPEED2
10,1788,0.02,0.39,1.03,1.10,52.92,44.44,IMBALANCE_SPEED2
11,1887,0.38,-1.96,-0.52,2.06,58.94,44.44,IMBALANCE_SPEED2
12,1988,0.03,0.39,1.03,1.10,39.87,44.44,IMBALANCE_SPEED2
13,2087,0.38,-1.96,-0.52,2.06,53.15,44.44,IMBALANCE_SPEED2
14,2188,0.00,0.39,1.03,1.10,62.39,44.44,IMBALANCE_SPEED2
15,2287,0.38,-1.96,-0.52,2.06,54.10,44.44,IMBALANCE_SPEED2
16,2388,-0.00,0.38,1.03,1.10,85.05,44.44,IMBALANCE_SPEED2
17,2487,0.38,-1.96,-0.52,2.06,46.00,44.44,IMBALANCE_SPEED2
18,2588,0.07,0.33,1.03,1.09,88.98,44.44,IMBALANCE_SPEED2
19,2687,0.38,-1.96,-0.52,2.06,83.17,44.44,IMBALANCE_SPEED2
20,2788,0.02,0.34,1.06,1.12,78.13,44.44,IMBALANCE_SPEED2
21,2887,0.38,-1.96,-0.52,2.06,75.41,44.44,IMBALANCE_SPEED2
22,2988,0.03,0.32,1.07,1.12,89.69,44.44,IMBALANCE_SPEED2
23,3088,0.02,0.35,1.06,1.12,85.91,44.44,IMBALANCE_SPEED2
24,3188,0.03,0.34,1.07,1.12,97.46,44.44,IMBALANCE_SPEED2
25,3288,0.03,0.34,1.06,1.12,90.54,44.44,IMBALANCE_SPEED2
26,3388,0.03,0.35,1.05,1.11,85.19,44.44,IMBALANCE_SPEED2
27,3488,0.04,0.37,1.05,1.11,88.60,44.44,IMBALANCE_SPEED2
28,3588,0.04,0.35,1.05,1.11,521.06,44.44,IMBALANCE_SPEED2
29,3688,0.05,-0.00,-0.00,0.05,116.02,44.44,IMBALANCE_SPEED2
30,3787,0.38,-1.96,-0.52,2.06,110.53,44.44,IMBALANCE_SPEED2
31,3888,0.06,0.40,1.04,1.12,105.74,44.44,IMBALANCE_SPEED2
32,3988,0.05,0.42,1.04,1.12,99.38,44.44,IMBALANCE_SPEED2
33,4088,0.06,0.38,1.04,1.11,118.32,44.44,IMBALANCE_SPEED2
34,4188,0.05,0.39,1.05,1.12,100.21,44.44,IMBALANCE_SPEED2
35,4287,0.38,-1.96,-0.52,2.06,119.39,44.44,IMBALANCE_SPEED2
36,4388,0.03,0.44,1.02,1.12,774.70,44.44,IMBALANCE_SPEED2
37,4487,0.38,-1.96,-0.52,2.06,1028.88,44.44,IMBALANCE_SPEED2
38,4588,0.04,-0.00,-0.00,0.04,105.54,44.44,IMBALANCE_SPEED2
39,4688,0.04,1.00,-0.00,1.00,99.17,44.44,IMBALANCE_SPEED2
40,4787,0.38,-1.96,-0.52,2.06,90.16,44.44,IMBALANCE_SPEED2
41,4887,0.38,-1.96,-0.52,2.06,103.81,44.44,IMBALANCE_SPEED2
42,4988,0.04,0.44,1.02,1.11,102.93,44.44,IMBALANCE_SPEED2
43,5087,0.38,-1.96,-0.52,2.06,114.06,44.44,IMBALANCE_SPEED2
44,5188,0.01,0.46,1.00,1.10,113.81,44.44,IMBALANCE_SPEED2
45,5287,0.38,-1.96,-0.52,2.06,142.23,44.44,IMBALANCE_SPEED2
46,5388,0.02,0.45,1.02,1.11,114.70,44.44,IMBALANCE_SPEED2
47,5487,0.38,-1.96,-0.52,2.06,116.07,44.44,IMBALANCE_SPEED2
48,5588,-0.01,0.49,1.01,1.12,nan,44.44,IMBALANCE_SPEED2
49,5687,0.38,-1.96,-0.52,2.06,116.17,44.44,IMBALANCE_SPEED2
50,5788,-0.01,0.46,1.00,1.11,93.85,44.44,IMBALANCE_SPEED2
51,5887,0.38,-1.96,-0.52,2.06,120.54,44.44,IMBALANCE_SPEED2
52,5987,0.38,-1.96,-0.52,2.06,125.50,44.44,IMBALANCE_SPEED2
53,6087,0.38,-1.96,-0.52,2.06,122.40,44.44,IMBALANCE_SPEED2
54,6188,-0.00,0.47,1.00,1.10,97.45,44.44,IMBALANCE_SPEED2
55,6288,-0.04,0.49,1.00,1.12,120.43,44.44,IMBALANCE_SPEED2
56,6388,-0.03,-0.00,-0.00,0.03,401.34,44.44,IMBALANCE_SPEED2
57,6488,-0.02,0.48,1.00,1.11,126.30,44.44,IMBALANCE_SPEED2
58,6588,-0.02,0.45,1.01,1.10,173.11,44.44,IMBALANCE_SPEED2
59,6687,0.38,-1.96,-0.52,2.06,1031.75,44.44,IMBALANCE_SPEED2
60,6788,-0.03,0.44,1.00,1.09,142.49,44.44,IMBALANCE_SPEED2
61,6887,0.38,-1.96,-0.52,2.06,134.85,44.44,IMBALANCE_SPEED2
62,6988,-0.02,-0.00,-0.00,0.02,149.34,44.44,IMBALANCE_SPEED2
63,7088,-0.04,0.51,1.01,1.13,169.39,44.44,IMBALANCE_SPEED2
64,7188,-0.05,0.44,1.00,1.09,166.25,44.44,IMBALANCE_SPEED2
65,7287,0.38,-1.96,-0.52,2.06,143.75,44.44,IMBALANCE_SPEED2
66,7388,-0.06,0.43,1.00,1.09,230.84,44.44,IMBALANCE_SPEED2
67,7487,0.38,-1.96,-0.52,2.06,191.44,44.44,IMBALANCE_SPEED2
68,7588,-0.05,0.46,0.99,1.10,256.85,44.44,IMBALANCE_SPEED2
69,7687,0.38,-1.96,-0.52,2.06,169.86,44.44,IMBALANCE_SPEED2
70,7788,-0.03,0.51,1.03,1.15,311.05,44.44,IMBALANCE_SPEED2
71,7887,0.38,-1.96,-0.52,2.06,239.51,44.44,IMBALANCE_SPEED2
72,7988,-0.02,0.45,1.01,1.10,1049.81,44.44,IMBALANCE_SPEED2
73,8087,0.38,-1.96,-0.52,2.06,154.21,44.44,IMBALANCE_SPEED2
74,8188,-0.04,-0.00,-0.00,0.04,818.98,44.44,IMBALANCE_SPEED2
75,8288,-0.01,1.00,-0.00,1.00,233.57,44.44,IMBALANCE_SPEED2
76,8387,0.38,-1.96,-0.52,2.06,292.69,44.44,IMBALANCE_SPEED2
77,8488,-0.02,0.33,1.03,1.09,360.23,44.44,IMBALANCE_SPEED2
78,8588,-0.01,-0.00,-0.00,0.01,194.99,44.44,IMBALANCE_SPEED2
79,8688,-0.02,0.47,1.01,1.12,378.60,44.44,IMBALANCE_SPEED2
80,8788,-0.05,0.31,1.06,1.10,387.86,44.44,IMBALANCE_SPEED2
81,8887,0.38,-1.96,-0.52,2.06,238.68,44.44,IMBALANCE_SPEED2
82,8988,0.01,0.48,1.04,1.14,355.40,44.44,IMBALANCE_SPEED2
83,9087,0.38,-1.96,-0.52,2.06,362.05,44.44,IMBALANCE_SPEED2
84,9188,-0.03,0.33,1.07,1.12,179.19,44.44,IMBALANCE_SPEED2
85,9287,0.38,-1.96,-0.52,2.06,1078.40,44.44,IMBALANCE_SPEED2
86,9388,0.04,0.47,1.01,1.12,272.70,44.44,IMBALANCE_SPEED2
87,9487,0.38,-1.96,-0.52,2.06,296.72,44.44,IMBALANCE_SPEED2
88,9588,-0.00,-0.00,-0.00,0.00,257.32,44.44,IMBALANCE_SPEED2
89,9688,0.06,0.48,1.03,1.14,286.86,44.44,IMBALANCE_SPEED2
90,9788,-0.04,-0.00,-0.00,0.04,1051.74,44.44,IMBALANCE_SPEED2
91,9887,0.38,-1.96,-0.52,2.06,553.17,44.44,IMBALANCE_SPEED2
92,9988,-0.02,0.31,1.08,1.13,342.65,44.44,IMBALANCE_SPEED2
93,10087,0.38,-1.96,-0.52,2.06,239.19,44.44,IMBALANCE_SPEED2
94,10188,0.07,-0.00,-0.00,0.07,154.39,44.44,IMBALANCE_SPEED2
95,10287,0.38,-1.96,-0.52,2.06,377.44,44.44,IMBALANCE_SPEED2
96,10388,-0.10,0.31,1.04,1.09,479.40,44.44,IMBALANCE_SPEED2
97,10487,0.38,-1.96,-0.52,2.06,282.63,44.44,IMBALANCE_SPEED2
98,10588,0.11,-0.00,-0.00,0.11,229.14,44.44,IMBALANCE_SPEED2
99,10687,0.38,-1.96,-0.52,2.06,294.26,44.44,IMBALANCE_SPEED2
100,10788,0.14,0.50,1.01,1.14,259.49,44.44,IMBALANCE_SPEED2
101,11559,0.38,-1.96,-0.52,2.06,356.92,44.69,IMBALANCE_SPEED2
102,11658,0.09,-0.00,-0.00,0.09,806.19,44.69,IMBALANCE_SPEED2
103,11757,0.38,-1.96,-0.52,2.06,724.77,44.69,IMBALANCE_SPEED2
104,11858,0.11,-0.00,-0.00,0.11,663.45,44.69,IMBALANCE_SPEED2
105,11958,0.17,0.26,0.97,1.02,638.87,44.69,IMBALANCE_SPEED2
106,12058,0.09,-0.00,-0.00,0.09,497.25,44.69,IMBALANCE_SPEED2
107,12158,0.04,0.37,1.04,1.10,487.55,44.69,IMBALANCE_SPEED2
108,12258,0.14,0.35,1.02,1.08,675.54,44.69,IMBALANCE_SPEED2
109,12358,0.11,0.22,0.99,1.02,600.34,44.69,IMBALANCE_SPEED2
110,12458,0.05,-0.00,-0.00,0.05,817.80,44.69,IMBALANCE_SPEED2
111,12558,-0.00,0.13,1.06,1.07,980.76,44.69,IMBALANCE_SPEED2
112,12657,0.38,-1.96,-0.52,2.06,818.41,44.69,IMBALANCE_SPEED2
113,12758,0.04,0.23,1.03,1.06,784.81,44.69,IMBALANCE_SPEED2
114,12858,0.02,0.36,0.98,1.04,853.62,44.69,IMBALANCE_SPEED2
115,12958,0.16,-0.00,-0.00,0.16,764.01,44.69,IMBALANCE_SPEED2
116,13058,0.04,0.40,1.01,1.09,863.00,44.69,IMBALANCE_SPEED2
117,13158,0.07,0.26,1.08,1.11,805.11,44.69,IMBALANCE_SPEED2
118,13258,-0.08,0.15,1.02,1.04,nan,44.69,IMBALANCE_SPEED2
119,13358,-0.24,0.35,0.97,1.06,1095.65,44.69,IMBALANCE_SPEED2
120,13458,0.15,0.49,1.04,1.15,nan,44.69,IMBALANCE_SPEED2
121,13558,0.19,0.40,1.10,1.18,1378.14,44.69,IMBALANCE_SPEED2
122,13658,-0.22,0.19,1.01,1.05,nan,44.69,IMBALANCE_SPEED2
123,13758,-0.53,0.16,0.90,1.05,990.58,44.69,IMBALANCE_SPEED2
124,13858,0.07,-0.00,-0.00,0.07,961.61,44.69,IMBALANCE_SPEED2
125,13958,-0.40,-0.08,0.99,1.07,1087.30,44.69,IMBALANCE_SPEED2
126,14058,0.02,0.36,1.01,1.07,1296.38,44.69,IMBALANCE_SPEED2
127,14158,0.03,0.57,1.02,1.17,1084.10,44.69,IMBALANCE_SPEED2
128,14258,-0.54,-0.00,-0.00,0.54,1044.83,44.69,IMBALANCE_SPEED2
129,14358,0.08,0.38,0.99,1.06,1008.15,44.69,IMBALANCE_SPEED2
130,14458,0.10,0.59,1.08,1.23,1231.32,44.69,IMBALANCE_SPEED2
131,14558,0.08,0.42,0.97,1.07,1497.42,44.69,IMBALANCE_SPEED2
132,14658,-0.07,0.46,1.01,1.11,1588.42,44.69,IMBALANCE_SPEED2
133,14758,0.18,-0.00,-0.00,0.18,1502.40,44.69,IMBALANCE_SPEED2
134,14858,-0.16,0.48,1.08,1.19,643.92,44.69,IMBALANCE_SPEED2
135,14958,-0.27,-0.00,-0.00,0.27,1728.44,44.69,IMBALANCE_SPEED2
136,15058,-0.10,0.54,0.91,1.06,1334.04,44.69,IMBALANCE_SPEED2
137,15158,0.33,-0.00,-0.00,0.33,1658.12,44.69,IMBALANCE_SPEED2
138,15258,-0.17,0.39,1.11,1.18,1372.79,44.69,IMBALANCE_SPEED2
139,15358,0.32,0.35,1.05,1.16,1413.26,44.69,IMBALANCE_SPEED2
140,15458,-0.12,0.04,1.07,1.08,1499.46,44.69,IMBALANCE_SPEED2
141,15558,0.32,0.24,0.98,1.06,1514.81,44.69,IMBALANCE_SPEED2
142,15658,-0.20,-0.00,-0.00,0.20,1657.02,44.69,IMBALANCE_SPEED2
143,15758,0.28,0.10,1.04,1.09,1660.49,44.69,IMBALANCE_SPEED2
144,15858,-0.14,-0.00,-0.00,0.14,1738.89,44.69,IMBALANCE_SPEED2
145,15958,-0.28,0.72,1.17,1.40,1854.41,44.69,IMBALANCE_SPEED2
146,16058,0.08,0.45,0.93,1.04,1920.99,44.69,IMBALANCE_SPEED2
147,16158,0.33,-0.00,-0.00,0.33,1949.86,44.69,IMBALANCE_SPEED2
148,16258,-0.21,0.51,0.81,0.98,1961.79,44.69,IMBALANCE_SPEED2
149,16358,-0.17,0.55,1.02,1.17,1754.72,44.69,IMBALANCE_SPEED2
150,16458,0.47,-0.00,-0.00,0.47,2115.24,44.69,IMBALANCE_SPEED2
151,16558,0.15,0.54,1.01,1.15,2145.38,44.69,IMBALANCE_SPEED2
152,16658,0.04,0.16,1.27,1.28,2106.39,44.69,IMBALANCE_SPEED2
153,16758,0.11,0.60,0.85,1.05,1941.82,44.69,IMBALANCE_SPEED2
154,16858,-0.13,0.28,1.03,1.07,2142.31,44.69,IMBALANCE_SPEED2
155,16958,-0.49,-0.00,-0.00,0.49,2324.15,44.69,IMBALANCE_SPEED2
156,17058,-0.52,0.90,0.85,1.34,1973.69,44.69,IMBALANCE_SPEED2
157,17158,0.07,-0.00,-0.00,0.07,2246.12,44.69,IMBALANCE_SPEED2
158,17258,-0.14,0.51,1.11,1.23,2467.41,44.69,IMBALANCE_SPEED2
159,17358,-0.44,0.83,0.90,1.30,1998.22,44.69,IMBALANCE_SPEED2
160,17458,-0.17,0.21,1.04,1.07,2371.05,44.69,IMBALANCE_SPEED2
161,17558,-0.44,0.40,1.08,1.23,2334.14,44.69,IMBALANCE_SPEED2
162,17658,-0.29,0.84,0.89,1.26,2028.30,44.69,IMBALANCE_SPEED2
163,17758,-0.27,0.66,0.91,1.15,2372.50,44.69,IMBALANCE_SPEED2
164,17858,0.12,-0.00,-0.00,0.13,2514.71,44.69,IMBALANCE_SPEED2
165,17958,0.55,0.12,-0.00,0.56,2190.28,44.69,IMBALANCE_SPEED2
166,18058,0.09,0.79,0.90,1.20,1940.33,44.69,IMBALANCE_SPEED2
167,18158,-0.25,-0.00,-0.00,0.25,2594.02,44.69,IMBALANCE_SPEED2
168,18258,-0.07,0.01,1.16,1.16,2803.81,44.69,IMBALANCE_SPEED2
169,18358,0.78,0.41,1.16,1.46,2457.67,44.69,IMBALANCE_SPEED2
170,18458,-0.05,0.81,0.86,1.18,1377.24,44.69,IMBALANCE_SPEED2
171,18558,-0.25,-0.00,-0.00,0.25,2248.95,44.69,IMBALANCE_SPEED2
172,18658,0.15,-0.08,1.15,1.16,2609.04,44.69,IMBALANCE_SPEED2
173,18758,0.61,0.26,1.24,1.40,2634.50,44.69,IMBALANCE_SPEED2
174,18858,-0.26,0.88,1.04,1.39,2136.68,44.69,IMBALANCE_SPEED2
175,18958,-0.26,0.64,0.88,1.12,2267.85,44.69,IMBALANCE_SPEED2
176,19058,0.23,0.20,1.02,1.07,2546.95,44.69,IMBALANCE_SPEED2
177,19158,-0.49,0.20,1.13,1.25,2756.56,44.69,IMBALANCE_SPEED2
178,19258,0.62,-0.00,-0.00,0.62,2575.99,44.69,IMBALANCE_SPEED2
179,19358,-0.31,-0.00,-0.00,0.31,2207.38,44.69,IMBALANCE_SPEED2
180,19458,-0.22,0.58,0.86,1.06,2495.68,44.69,IMBALANCE_SPEED2
181,19558,0.08,0.24,0.96,0.99,2696.23,44.69,IMBALANCE_SPEED2
182,19658,-0.03,-0.16,1.22,1.23,2965.77,44.69,IMBALANCE_SPEED2
183,19758,-0.06,-0.01,1.16,1.16,2933.30,44.69,IMBALANCE_SPEED2
184,19858,0.34,-0.00,-0.00,0.34,2990.51,44.69,IMBALANCE_SPEED2
185,19958,-0.22,0.56,1.00,1.17,2524.32,44.69,IMBALANCE_SPEED2
186,20058,-0.17,0.60,0.87,1.07,2396.33,44.69,IMBALANCE_SPEED2
187,20158,-0.10,-0.00,-0.00,0.10,2695.56,44.69,IMBALANCE_SPEED2
188,20258,-0.00,0.92,0.65,1.13,2849.02,44.69,IMBALANCE_SPEED2
189,20358,-0.07,1.01,0.62,1.19,3030.30,44.69,IMBALANCE_SPEED2
190,20458,-0.11,1.01,0.65,1.20,3022.03,44.69,IMBALANCE_SPEED2
191,20558,-0.21,-0.00,-0.00,0.21,3161.91,44.69,IMBALANCE_SPEED2
192,20658,-0.22,1.06,-0.00,1.09,3362.91,44.69,IMBALANCE_SPEED2
193,20758,-0.46,0.68,0.86,1.19,3222.83,44.69,IMBALANCE_SPEED2
194,20858,-0.26,-0.00,-0.00,0.26,3169.14,44.69,IMBALANCE_SPEED2
195,21629,0.30,0.01,1.27,1.31,3850.29,44.62,IMBALANCE_SPEED2
196,21728,-0.07,0.12,-0.00,0.14,4201.61,44.62,IMBALANCE_SPEED2
197,21828,-0.45,0.11,0.93,1.04,4178.32,44.62,IMBALANCE_SPEED2
198,21927,0.38,-1.96,-0.52,2.06,4691.33,44.62,IMBALANCE_SPEED2
199,22028,-0.06,0.27,1.01,1.04,4376.59,44.62,IMBALANCE_SPEED2
200,22128,0.11,0.75,0.72,1.04,4237.45,44.62,IMBALANCE_SPEED2
201,22227,0.38,-1.96,-0.52,2.06,4559.24,44.62,IMBALANCE_SPEED2
202,22328,0.17,-0.13,1.26,1.28,4326.22,44.62,IMBALANCE_SPEED2
203,22427,0.38,-1.96,-0.52,2.06,4905.17,44.62,IMBALANCE_SPEED2
204,22528,-0.52,0.64,0.90,1.22,4455.24,44.62,IMBALANCE_SPEED2
205,22628,0.20,-0.14,1.27,1.29,5157.88,44.62,IMBALANCE_SPEED2
206,22728,0.27,0.87,-0.00,0.92,5066.15,44.62,IMBALANCE_SPEED2
207,22828,-0.24,0.31,-0.00,0.40,4947.29,44.62,IMBALANCE_SPEED2
208,22928,0.58,-0.03,1.32,1.44,5208.73,44.62,IMBALANCE_SPEED2
209,23027,0.38,-1.96,-0.52,2.06,4710.98,44.62,IMBALANCE_SPEED2
210,23128,0.51,0.13,1.71,1.79,5052.31,44.62,IMBALANCE_SPEED2
211,23227,0.38,-1.96,-0.52,2.06,5345.44,44.62,IMBALANCE_SPEED2
212,23328,-0.76,1.22,0.90,1.70,4560.32,44.62,IMBALANCE_SPEED2
213,23428,0.58,-0.23,1.27,1.41,5087.92,44.62,IMBALANCE_SPEED2
214,23528,0.03,0.89,0.55,1.05,5626.58,44.62,IMBALANCE_SPEED2
215,23627,0.38,-1.96,-0.52,2.06,5308.53,44.62,IMBALANCE_SPEED2
216,23728,0.33,1.03,0.68,1.28,5443.19,44.62,IMBALANCE_SPEED2
217,23827,0.38,-1.96,-0.52,2.06,5024.75,44.62,IMBALANCE_SPEED2
218,23928,-0.41,0.77,0.80,1.18,5654.70,44.62,IMBALANCE_SPEED2
219,24027,0.38,-1.96,-0.52,2.06,4947.54,44.62,IMBALANCE_SPEED2
220,24128,0.08,0.67,1.16,1.34,5877.45,44.62,IMBALANCE_SPEED2
221,24227,0.38,-1.96,-0.52,2.06,5419.54,44.62,IMBALANCE_SPEED2
222,24328,0.39,0.91,-0.00,0.99,6173.98,44.62,IMBALANCE_SPEED2
223,24428,-0.89,1.13,1.00,1.75,5390.31,44.62,IMBALANCE_SPEED2
224,24527,0.38,-1.96,-0.52,2.06,5596.88,44.62,IMBALANCE_SPEED2
225,24627,0.38,-1.96,-0.52,2.06,5646.23,44.62,IMBALANCE_SPEED2
226,24728,0.53,1.12,1.52,1.96,5960.67,44.62,IMBALANCE_SPEED2
227,24827,0.38,-1.96,-0.52,2.06,5402.51,44.62,IMBALANCE_SPEED2
228,24928,-0.30,0.84,-0.00,0.90,6222.84,44.62,IMBALANCE_SPEED2
229,25028,0.16,-0.00,-0.00,0.16,5711.14,44.62,IMBALANCE_SPEED2
230,25128,-0.49,0.76,0.84,1.23,6260.38,44.62,IMBALANCE_SPEED2
231,25228,0.57,-0.43,1.36,1.54,6157.22,44.62,IMBALANCE_SPEED2
232,25328,0.55,0.85,0.45,1.11,6746.04,44.62,IMBALANCE_SPEED2
233,25527,-0.07,0.03,1.79,1.79,6263.46,44.62,IMBALANCE_SPEED2
234,25627,0.38,-1.96,-0.52,2.06,6604.08,44.62,IMBALANCE_SPEED2
235,25728,-1.24,1.96,1.11,2.57,6287.64,44.62,IMBALANCE_SPEED2
236,25828,1.02,-0.00,-0.00,1.02,6164.01,44.62,IMBALANCE_SPEED2
237,25928,-0.14,-0.39,-0.00,0.41,6351.64,44.62,IMBALANCE_SPEED2
238,26028,-0.50,0.95,0.78,1.32,6757.71,44.62,IMBALANCE_SPEED2
239,26128,0.39,-0.27,1.64,1.71,6154.98,44.62,IMBALANCE_SPEED2
240,26228,0.19,0.62,0.48,0.81,6153.40,44.62,IMBALANCE_SPEED2
241,26327,0.38,-1.96,-0.52,2.06,6237.63,44.62,IMBALANCE_SPEED2
242,26428,-1.20,1.87,-0.00,2.23,5684.69,44.62,IMBALANCE_SPEED2
243,26528,0.29,0.55,1.13,1.29,6396.73,44.62,IMBALANCE_SPEED2
244,26627,0.38,-1.96,-0.52,2.06,6521.17,44.62,IMBALANCE_SPEED2
245,26727,0.38,-1.96,-0.52,2.06,6323.41,44.62,IMBALANCE_SPEED2
246,26828,0.07,-0.75,-0.00,0.75,6164.56,44.62,IMBALANCE_SPEED2
247,26928,-1.17,1.52,1.08,2.20,6179.50,44.62,IMBALANCE_SPEED2
248,27028,0.75,0.48,-0.00,0.89,6231.58,44.62,IMBALANCE_SPEED2
249,27128,0.51,-1.02,1.37,1.78,5571.50,44.62,IMBALANCE_SPEED2
250,27227,0.38,-1.96,-0.52,2.06,6321.82,44.62,IMBALANCE_SPEED2
251,27327,0.38,-1.96,-0.52,2.06,6127.82,44.62,IMBALANCE_SPEED2
252,27428,-1.30,1.03,0.88,1.88,5480.78,44.62,IMBALANCE_SPEED2
253,27527,0.38,-1.96,-0.52,2.06,6361.75,44.62,IMBALANCE_SPEED2
254,27628,-0.17,-0.42,1.61,1.67,6115.87,44.62,IMBALANCE_SPEED2
255,27727,0.38,-1.96,-0.52,2.06,6181.05,44.62,IMBALANCE_SPEED2
256,27828,1.26,-0.44,1.07,1.71,6230.38,44.62,IMBALANCE_SPEED2
257,27927,0.38,-1.96,-0.52,2.06,5557.18,44.62,IMBALANCE_SPEED2
258,28028,-0.32,1.15,0.38,1.26,6433.35,44.62,IMBALANCE_SPEED2
259,28128,-0.28,0.03,1.25,1.28,6534.67,44.62,IMBALANCE_SPEED2
260,28228,-1.05,0.70,0.96,1.58,5277.20,44.62,IMBALANCE_SPEED2
261,28327,0.38,-1.96,-0.52,2.06,6502.01,44.62,IMBALANCE_SPEED2
262,28428,0.73,-1.55,1.49,2.27,6295.08,44.62,IMBALANCE_SPEED2
263,28528,0.43,0.50,0.77,1.01,6369.39,44.62,IMBALANCE_SPEED2
264,28628,2.00,-0.09,1.05,2.26,7227.10,44.62,IMBALANCE_SPEED2
265,28727,0.38,-1.96,-0.52,2.06,6090.66,44.62,IMBALANCE_SPEED2
266,28828,0.03,1.64,0.67,1.77,6016.38,44.62,IMBALANCE_SPEED2
267,28927,0.38,-1.96,-0.52,2.06,6535.78,44.62,IMBALANCE_SPEED2
268,29028,-0.85,0.85,1.04,1.59,5939.85,44.62,IMBALANCE_SPEED2
269,29127,0.38,-1.96,-0.52,2.06,6330.44,44.62,IMBALANCE_SPEED2
270,29228,-0.70,-0.35,1.49,1.68,5827.77,44.62,IMBALANCE_SPEED2
271,29327,0.38,-1.96,-0.52,2.06,5015.01,44.62,IMBALANCE_SPEED2
272,29428,1.05,0.73,1.06,1.66,6461.92,44.62,IMBALANCE_SPEED2
273,29527,0.38,-1.96,-0.52,2.06,5642.85,44.62,IMBALANCE_SPEED2
274,29628,0.44,0.20,0.35,0.59,6367.52,44.62,IMBALANCE_SPEED2
275,29728,1.67,-0.61,1.28,2.20,5655.80,44.62,IMBALANCE_SPEED2
276,29828,-0.28,0.06,1.26,1.29,5583.37,44.62,IMBALANCE_SPEED2
277,30027,-0.51,2.00,0.18,2.07,6114.20,44.62,IMBALANCE_SPEED2
278,30127,0.38,-1.96,-0.52,2.06,5358.64,44.62,IMBALANCE_SPEED2
279,30228,-1.34,2.00,0.82,2.55,6356.10,44.62,IMBALANCE_SPEED2
280,30328,-0.19,-0.09,1.37,1.38,6013.25,44.62,IMBALANCE_SPEED2
281,30428,0.99,0.95,0.50,1.46,6134.71,44.62,IMBALANCE_SPEED2
282,30528,-0.89,1.42,1.57,2.29,6158.72,44.62,IMBALANCE_SPEED2
283,30627,0.38,-1.96,-0.52,2.06,5640.60,44.62,IMBALANCE_SPEED2
284,30728,0.81,0.41,0.58,1.08,6252.96,44.62,IMBALANCE_SPEED2
285,30827,0.38,-1.96,-0.52,2.06,5908.52,44.62,IMBALANCE_SPEED2
286,30928,-0.66,0.68,1.31,1.62,5741.31,44.62,IMBALANCE_SPEED2
287,31699,-0.97,2.00,0.48,2.27,6025.94,44.31,IMBALANCE_SPEED2
288,31798,-0.03,0.94,0.10,0.95,5798.12,44.31,IMBALANCE_SPEED2
289,31898,1.89,0.05,1.21,2.24,5871.67,44.31,IMBALANCE_SPEED2
290,31998,-0.14,-0.10,1.62,1.63,5321.13,44.31,IMBALANCE_SPEED2
291,32098,0.37,1.63,0.49,1.74,6424.70,44.31,IMBALANCE_SPEED2
292,32198,-0.26,-0.04,1.40,1.42,5959.54,44.31,IMBALANCE_SPEED2
293,32298,-1.28,-0.00,-0.00,1.28,5372.19,44.31,IMBALANCE_SPEED2
294,32398,0.26,1.21,0.50,1.33,6048.37,44.31,IMBALANCE_SPEED2
295,32498,-0.47,-0.00,-0.00,0.47,5784.75,44.31,IMBALANCE_SPEED2
296,32598,0.19,1.11,0.36,1.18,5803.29,44.31,IMBALANCE_SPEED2
297,32698,1.34,-0.00,-0.00,1.34,5858.20,44.31,IMBALANCE_SPEED2
298,32798,-0.74,0.66,1.44,1.74,5241.85,44.31,IMBALANCE_SPEED2
299,32898,-0.33,1.41,0.88,1.69,6789.11,44.31,IMBALANCE_SPEED2
300,32998,-0.68,-0.00,-0.00,0.68,6373.03,44.31,IMBALANCE_SPEED2
301,33098,-0.67,1.48,0.17,1.63,6537.69,44.31,IMBALANCE_SPEED2
302,33198,1.56,0.35,1.05,1.91,6550.73,44.31,IMBALANCE_SPEED2
303,33298,-0.06,-0.31,1.49,1.53,6081.61,44.31,IMBALANCE_SPEED2
304,33398,0.92,0.97,0.50,1.43,6496.84,44.31,IMBALANCE_SPEED2
305,33498,-0.24,-0.00,-0.00,0.24,6502.50,44.31,IMBALANCE_SPEED2
306,33598,-0.85,1.04,0.72,1.53,6060.42,44.31,IMBALANCE_SPEED2
307,33698,-0.04,0.74,0.74,1.05,5821.33,44.31,IMBALANCE_SPEED2
308,33798,-0.62,-0.00,-0.00,0.62,6294.73,44.31,IMBALANCE_SPEED2
309,33898,-0.23,0.73,-0.00,0.77,6749.56,44.31,IMBALANCE_SPEED2
310,33998,1.64,-0.41,1.29,2.12,6345.85,44.31,IMBALANCE_SPEED2
311,34098,-0.56,0.20,1.52,1.63,6099.25,44.31,IMBALANCE_SPEED2
312,34198,0.60,1.02,0.64,1.34,6722.56,44.31,IMBALANCE_SPEED2
313,34298,-0.23,-0.00,-0.00,0.23,6152.33,44.31,IMBALANCE_SPEED2
314,34398,-0.73,1.28,0.47,1.55,5965.86,44.31,IMBALANCE_SPEED2
315,34498,0.20,-0.00,-0.00,0.20,6026.79,44.31,IMBALANCE_SPEED2
316,34598,-0.49,-0.71,1.42,1.66,5845.85,44.31,IMBALANCE_SPEED2
317,34698,0.19,-0.00,-0.00,0.19,6116.84,44.31,IMBALANCE_SPEED2
318,34798,2.00,-0.58,1.24,2.42,5959.79,44.31,IMBALANCE_SPEED2
319,34898,-0.52,-0.00,-0.00,0.52,5762.87,44.31,IMBALANCE_SPEED2
320,34998,0.43,0.67,0.72,1.08,6407.03,44.31,IMBALANCE_SPEED2
321,35098,-0.29,-0.00,-0.00,0.29,6731.20,44.31,IMBALANCE_SPEED2
322,35198,-0.94,1.21,0.46,1.60,6047.22,44.31,IMBALANCE_SPEED2
323,35298,0.34,-0.00,-0.00,0.34,6445.85,44.31,IMBALANCE_SPEED2
324,35398,-0.51,-0.59,1.44,1.64,6242.05,44.31,IMBALANCE_SPEED2
325,35498,-0.22,-0.00,-0.00,0.22,5995.52,44.31,IMBALANCE_SPEED2
326,35598,0.88,-0.00,-0.00,0.88,5985.79,44.31,IMBALANCE_SPEED2
327,35698,-0.50,-0.03,1.16,1.26,5993.68,44.31,IMBALANCE_SPEED2
328,35798,0.13,0.37,0.76,0.85,6505.24,44.31,IMBALANCE_SPEED2
329,35898,-0.04,-0.56,1.25,1.37,5979.74,44.31,IMBALANCE_SPEED2
330,35998,-0.75,-0.00,-0.00,0.75,5404.74,44.31,IMBALANCE_SPEED2
331,36098,1.05,0.79,0.86,1.57,6238.98,44.31,IMBALANCE_SPEED2
332,36198,-0.38,-0.00,-0.00,0.38,5701.59,44.31,IMBALANCE_SPEED2
333,36298,-0.22,0.63,0.29,0.73,6155.54,44.31,IMBALANCE_SPEED2
334,36398,2.00,-0.26,1.47,2.50,6520.01,44.31,IMBALANCE_SPEED2
335,36498,-0.51,0.14,1.25,1.36,5714.17,44.31,IMBALANCE_SPEED2
336,36598,0.31,1.12,0.73,1.38,6264.39,44.31,IMBALANCE_SPEED2
337,36698,-0.25,-0.00,-0.00,0.25,6113.71,44.31,IMBALANCE_SPEED2
338,36798,-0.75,-0.00,-0.00,0.75,5703.76,44.31,IMBALANCE_SPEED2
339,36898,-0.15,0.69,0.79,1.06,5884.22,44.31,IMBALANCE_SPEED2
340,36998,-0.30,-0.42,1.51,1.59,6106.52,44.31,IMBALANCE_SPEED2
341,37098,0.47,0.77,0.67,1.12,5973.57,44.31,IMBALANCE_SPEED2
342,37198,0.75,-0.00,-0.00,0.75,6288.36,44.31,IMBALANCE_SPEED2
343,37298,-0.77,0.33,1.14,1.42,5873.27,44.31,IMBALANCE_SPEED2
344,37398,0.85,1.53,0.56,1.84,5952.59,44.31,IMBALANCE_SPEED2
345,37498,-0.75,-0.30,1.44,1.65,6128.16,44.31,IMBALANCE_SPEED2
346,37598,-1.40,1.26,0.71,2.02,5864.72,44.31,IMBALANCE_SPEED2
347,37698,-0.14,0.61,0.88,1.08,6444.44,44.31,IMBALANCE_SPEED2
348,37798,0.72,-0.72,1.59,1.89,6311.70,44.31,IMBALANCE_SPEED2
349,37898,-0.17,0.63,0.76,1.00,6553.93,44.31,IMBALANCE_SPEED2
350,37998,1.27,-0.00,-0.00,1.27,6106.20,44.31,IMBALANCE_SPEED2
351,38098,-0.64,0.49,0.99,1.28,5822.55,44.31,IMBALANCE_SPEED2
352,38198,-0.05,-0.00,-0.00,0.05,6681.66,44.31,IMBALANCE_SPEED2
353,38298,0.20,0.64,1.31,1.48,6896.00,44.31,IMBALANCE_SPEED2
354,38398,-1.40,-0.00,-0.00,1.40,5673.46,44.31,IMBALANCE_SPEED2
355,38498,-1.13,0.93,1.00,1.77,6340.96,44.31,IMBALANCE_SPEED2
356,38598,0.12,-0.00,-0.00,0.12,6390.71,44.31,IMBALANCE_SPEED2
357,38698,-0.13,0.82,0.97,1.28,5974.84,44.31,IMBALANCE_SPEED2
358,38798,1.62,-0.09,1.14,1.98,6105.02,44.31,IMBALANCE_SPEED2
359,38898,-0.12,0.39,1.06,1.14,6528.57,44.31,IMBALANCE_SPEED2
360,38998,0.38,1.68,0.43,1.78,6451.58,44.31,IMBALANCE_SPEED2
361,39098,0.10,0.83,0.75,1.13,6562.44,44.31,IMBALANCE_SPEED2
362,39198,-1.36,0.73,0.99,1.83,6046.09,44.31,IMBALANCE_SPEED2
363,39298,-0.43,0.82,0.75,1.19,7033.85,44.31,IMBALANCE_SPEED2
364,39398,-0.41,-0.00,-0.00,0.41,6887.06,44.31,IMBALANCE_SPEED2
365,39498,-0.51,1.66,0.67,1.86,5422.58,44.31,IMBALANCE_SPEED2
366,39598,1.21,0.74,1.04,1.76,6120.39,44.31,IMBALANCE_SPEED2
367,39698,0.42,-0.00,-0.00,0.42,6065.74,44.31,IMBALANCE_SPEED2
368,39798,-0.49,0.81,0.96,1.35,6100.15,44.31,IMBALANCE_SPEED2
369,39898,1.05,-0.00,-0.00,1.05,5636.56,44.31,IMBALANCE_SPEED2
370,39998,0.01,0.26,1.11,1.14,5909.96,44.31,IMBALANCE_SPEED2
371,40098,0.21,1.73,0.45,1.80,6398.41,44.31,IMBALANCE_SPEED2
372,40198,0.30,0.45,1.32,1.43,6048.68,44.31,IMBALANCE_SPEED2
373,40298,-0.88,0.38,1.20,1.54,5998.00,44.31,IMBALANCE_SPEED2
374,40398,-0.55,-0.00,-0.00,0.55,6658.71,44.31,IMBALANCE_SPEED2
375,40498,0.17,-0.30,-0.00,0.34,6507.70,44.31,IMBALANCE_SPEED2
376,40598,-0.03,1.46,0.66,1.61,6411.84,44.31,IMBALANCE_SPEED2
377,40698,0.91,-0.00,-0.00,0.91,6129.81,44.31,IMBALANCE_SPEED2
378,40798,0.23,-1.10,1.75,2.08,6359.60,44.31,IMBALANCE_SPEED2
379,40898,-0.11,0.67,1.01,1.22,6929.05,44.31,IMBALANCE_SPEED2
380,40998,1.69,0.17,1.21,2.08,7000.17,44.31,IMBALANCE_SPEED2
381,41769,0.40,-0.29,1.12,1.23,6437.97,43.94,IMBALANCE_SPEED2
382,41868,1.52,0.47,1.12,1.94,6656.14,43.94,IMBALANCE_SPEED2
383,41968,0.83,-0.83,1.35,1.79,6802.50,43.94,IMBALANCE_SPEED2
384,42068,-0.75,1.26,0.63,1.60,6652.26,43.94,IMBALANCE_SPEED2
385,42168,1.65,-0.60,1.27,2.16,6430.42,43.94,IMBALANCE_SPEED2
386,42268,0.19,-0.00,-0.00,0.19,6520.10,43.94,IMBALANCE_SPEED2
387,42368,0.17,1.55,0.41,1.61,7417.50,43.94,IMBALANCE_SPEED2
388,42468,0.69,-0.51,1.34,1.60,6508.48,43.94,IMBALANCE_SPEED2
389,42568,-0.22,-0.25,1.11,1.16,6242.41,43.94,IMBALANCE_SPEED2
390,42668,0.31,-0.00,-0.00,0.31,6457.34,43.94,IMBALANCE_SPEED2
391,42768,0.45,0.69,1.23,1.48,6899.62,43.94,IMBALANCE_SPEED2
392,42868,-0.80,0.34,1.22,1.50,6083.20,43.94,IMBALANCE_SPEED2
393,42968,-0.16,0.95,0.61,1.14,6126.87,43.94,IMBALANCE_SPEED2
394,43068,0.41,-0.23,1.25,1.34,6895.39,43.94,IMBALANCE_SPEED2
395,43168,-0.62,1.29,0.79,1.64,5869.77,43.94,IMBALANCE_SPEED2
396,43267,0.38,-1.96,-0.52,2.06,6123.92,43.94,IMBALANCE_SPEED2
397,43368,0.12,-1.20,1.62,2.02,6804.01,43.94,IMBALANCE_SPEED2
398,43468,-0.21,1.40,0.50,1.50,6156.58,43.94,IMBALANCE_SPEED2
399,43568,1.19,0.54,0.93,1.61,5849.58,43.94,IMBALANCE_SPEED2
400,43668,0.97,-0.00,-0.00,0.97,5969.33,43.94,IMBALANCE_SPEED2
401,43768,0.03,0.52,0.96,1.10,6659.97,43.94,IMBALANCE_SPEED2
402,43868,1.92,-0.00,-0.00,1.92,5750.32,43.94,IMBALANCE_SPEED2
403,43968,0.69,-0.56,1.31,1.59,6032.88,43.94,IMBALANCE_SPEED2
404,44068,0.15,-0.00,-0.00,0.15,6417.48,43.94,IMBALANCE_SPEED2
405,44168,1.99,-0.80,1.30,2.51,6629.17,43.94,IMBALANCE_SPEED2
406,44268,0.31,0.01,1.07,1.11,6065.18,43.94,IMBALANCE_SPEED2
407,44368,-0.12,2.00,0.50,2.06,6924.25,43.94,IMBALANCE_SPEED2
408,44468,1.02,-1.37,1.35,2.18,6208.64,43.94,IMBALANCE_SPEED2
409,44568,-0.86,0.18,1.03,1.35,5585.65,43.94,IMBALANCE_SPEED2
410,44668,0.20,-0.00,-0.00,0.20,6778.23,43.94,IMBALANCE_SPEED2
411,44768,0.12,0.16,1.24,1.26,6686.60,43.94,IMBALANCE_SPEED2
412,44868,-0.71,-0.00,-0.00,0.71,6025.75,43.94,IMBALANCE_SPEED2
413,44968,-0.64,0.63,0.78,1.19,6249.53,43.94,IMBALANCE_SPEED2
414,45068,0.08,0.23,1.24,1.27,6892.31,43.94,IMBALANCE_SPEED2
415,45168,-0.57,0.96,0.92,1.45,5891.91,43.94,IMBALANCE_SPEED2
416,45268,-0.49,0.36,0.88,1.07,6505.80,43.94,IMBALANCE_SPEED2
417,45368,-0.42,-0.99,1.53,1.87,6797.54,43.94,IMBALANCE_SPEED2
418,45468,-0.17,-0.00,-0.00,0.17,6380.75,43.94,IMBALANCE_SPEED2
419,45568,0.45,0.48,0.94,1.15,6287.27,43.94,IMBALANCE_SPEED2
420,45668,-0.28,-0.00,-0.00,0.28,6245.65,43.94,IMBALANCE_SPEED2
421,45768,-0.10,1.03,1.04,1.46,6128.82,43.94,IMBALANCE_SPEED2
422,45868,1.22,-0.00,-0.00,1.22,6178.48,43.94,IMBALANCE_SPEED2
423,45968,0.47,-0.88,1.40,1.72,6512.88,43.94,IMBALANCE_SPEED2
424,46068,-0.60,0.37,0.97,1.20,6201.29,43.94,IMBALANCE_SPEED2
425,46168,0.94,0.37,1.17,1.55,6304.46,43.94,IMBALANCE_SPEED2
426,46268,-0.37,-0.00,-0.00,0.37,6043.34,43.94,IMBALANCE_SPEED2
427,46368,-0.34,0.57,0.89,1.11,5787.18,43.94,IMBALANCE_SPEED2
428,46468,1.17,-0.00,-0.00,1.17,6383.66,43.94,IMBALANCE_SPEED2
429,46568,0.09,-0.25,1.27,1.29,5818.65,43.94,IMBALANCE_SPEED2
430,46668,0.57,1.45,0.57,1.66,6184.99,43.94,IMBALANCE_SPEED2
431,46768,0.76,-0.00,-0.00,0.76,6196.83,43.94,IMBALANCE_SPEED2
432,46868,-0.00,-0.39,1.22,1.28,6431.21,43.94,IMBALANCE_SPEED2
433,46967,0.38,-1.96,-0.52,2.06,6336.07,43.94,IMBALANCE_SPEED2
434,47068,0.55,-0.20,1.33,1.45,5916.33,43.94,IMBALANCE_SPEED2
435,47168,-0.44,-0.00,-0.00,0.44,6154.41,43.94,IMBALANCE_SPEED2
436,47268,0.14,1.56,0.40,1.62,6183.47,43.94,IMBALANCE_SPEED2
437,47368,0.60,0.39,1.32,1.50,6640.33,43.94,IMBALANCE_SPEED2
438,47468,-0.56,0.56,1.24,1.47,6304.82,43.94,IMBALANCE_SPEED2
439,47568,-0.27,-0.00,-0.00,0.27,6154.07,43.94,IMBALANCE_SPEED2
440,47668,-0.15,-0.16,1.27,1.29,6488.42,43.94,IMBALANCE_SPEED2
441,47768,-0.69,-0.00,-0.00,0.69,6003.47,43.94,IMBALANCE_SPEED2
442,47868,-0.63,0.46,0.79,1.11,6652.31,43.94,IMBALANCE_SPEED2
443,47968,-0.13,-0.87,1.68,1.90,6716.02,43.94,IMBALANCE_SPEED2
444,48068,0.44,-0.00,-0.00,0.44,7210.63,43.94,IMBALANCE_SPEED2
445,48168,0.42,0.59,0.87,1.13,6886.97,43.94,IMBALANCE_SPEED2
446,48268,0.32,-0.00,-0.00,0.32,6339.41,43.94,IMBALANCE_SPEED2
447,48368,-0.53,1.36,0.92,1.72,6918.74,43.94,IMBALANCE_SPEED2
448,48468,1.06,-0.00,-0.00,1.06,6830.87,43.94,IMBALANCE_SPEED2
449,48568,-0.48,-0.90,1.38,1.72,6535.99,43.94,IMBALANCE_SPEED2
450,48668,-0.66,-0.00,-0.00,0.66,6107.69,43.94,IMBALANCE_SPEED2
451,48768,1.16,0.38,1.18,1.70,6626.23,43.94,IMBALANCE_SPEED2
452,48868,0.19,-0.25,1.28,1.32,6736.66,43.94,IMBALANCE_SPEED2
453,48968,-0.18,0.72,0.88,1.15,6297.44,43.94,IMBALANCE_SPEED2
454,49068,1.44,-0.00,-0.00,1.44,6622.45,43.94,IMBALANCE_SPEED2
455,49168,0.52,-0.36,1.26,1.41,5918.12,43.94,IMBALANCE_SPEED2
456,49268,-0.30,1.22,0.65,1.42,6806.20,43.94,IMBALANCE_SPEED2
457,49368,1.33,-0.95,1.24,2.05,6262.03,43.94,IMBALANCE_SPEED2
458,49468,0.32,0.08,1.16,1.21,6465.49,43.94,IMBALANCE_SPEED2
459,49568,0.67,-0.00,-0.00,0.67,7122.40,43.94,IMBALANCE_SPEED2
460,49668,0.69,-0.63,1.34,1.64,6608.28,43.94,IMBALANCE_SPEED2
461,49768,-1.01,-0.00,-0.00,1.01,6316.85,43.94,IMBALANCE_SPEED2
462,49868,0.26,1.78,0.37,1.84,7093.00,43.94,IMBALANCE_SPEED2
463,49968,0.31,-0.00,-0.00,0.31,6178.36,43.94,IMBALANCE_SPEED2
464,50068,-0.43,0.16,1.27,1.35,6045.50,43.94,IMBALANCE_SPEED2
465,50168,0.16,1.62,0.53,1.71,6581.32,43.94,IMBALANCE_SPEED2
466,50268,0.62,-0.00,-0.00,0.62,6984.58,43.94,IMBALANCE_SPEED2
467,50368,-0.65,0.38,1.25,1.46,6313.87,43.94,IMBALANCE_SPEED2
468,50468,-0.19,-0.00,-0.00,0.19,6608.78,43.94,IMBALANCE_SPEED2
469,50568,0.62,0.24,1.33,1.48,6767.10,43.94,IMBALANCE_SPEED2
470,50668,-0.74,1.05,1.17,1.74,5766.08,43.94,IMBALANCE_SPEED2
471,50768,-0.42,0.76,1.04,1.35,6086.11,43.94,IMBALANCE_SPEED2
472,50868,-0.07,-0.00,-0.00,0.07,6622.75,43.94,IMBALANCE_SPEED2
473,50968,-0.47,1.90,0.53,2.03,6051.48,43.94,IMBALANCE_SPEED2
474,51068,0.07,0.48,1.09,1.19,6804.60,43.94,IMBALANCE_SPEED2
475,51839,0.00,-1.10,1.77,2.09,6690.18,43.69,IMBALANCE_SPEED2
476,51938,-0.09,1.62,0.63,1.74,7211.10,43.69,IMBALANCE_SPEED2
477,52037,0.38,-1.96,-0.52,2.06,7096.65,43.69,IMBALANCE_SPEED2
478,52138,-1.85,-0.00,-0.00,1.85,6052.00,43.69,IMBALANCE_SPEED2
479,52238,-1.01,1.31,0.35,1.69,6844.67,43.69,IMBALANCE_SPEED2
480,52338,-0.14,0.46,1.26,1.35,6316.24,43.69,IMBALANCE_SPEED2
481,52438,-1.93,1.16,0.73,2.36,5504.35,43.69,IMBALANCE_SPEED2
482,52538,-0.86,-0.00,-0.00,0.86,6318.83,43.69,IMBALANCE_SPEED2
483,52638,0.13,0.21,1.25,1.27,6367.95,43.69,IMBALANCE_SPEED2
484,52738,-1.35,1.48,0.81,2.16,5521.64,43.69,IMBALANCE_SPEED2
485,52838,-0.45,0.76,0.76,1.17,6485.38,43.69,IMBALANCE_SPEED2
486,52938,-0.12,-0.00,-0.00,0.13,7414.13,43.69,IMBALANCE_SPEED2
487,53038,-1.45,1.56,0.59,2.21,5921.27,43.69,IMBALANCE_SPEED2
488,53138,-0.62,0.49,0.75,1.09,6353.33,43.69,IMBALANCE_SPEED2
489,53238,-0.70,0.11,1.43,1.59,6512.67,43.69,IMBALANCE_SPEED2
490,53338,-1.75,-0.00,-0.00,1.75,5639.13,43.69,IMBALANCE_SPEED2
491,53438,-0.29,0.82,0.75,1.15,6808.81,43.69,IMBALANCE_SPEED2
492,53538,-0.51,0.06,1.45,1.54,6842.56,43.69,IMBALANCE_SPEED2
493,53638,-0.29,0.98,0.83,1.31,5774.21,43.69,IMBALANCE_SPEED2
494,53738,-0.44,0.62,0.84,1.13,6417.71,43.69,IMBALANCE_SPEED2
495,53838,-0.69,0.17,1.34,1.52,6732.71,43.69,IMBALANCE_SPEED2
496,53938,-1.61,1.48,0.87,2.36,5400.03,43.69,IMBALANCE_SPEED2
497,54038,-0.54,0.74,0.75,1.18,6963.76,43.69,IMBALANCE_SPEED2
498,54138,-0.79,-0.00,-0.00,0.79,6710.17,43.69,IMBALANCE_SPEED2
499,54238,-1.74,1.55,0.82,2.47,5747.66,43.69,IMBALANCE_SPEED2
500,54338,-0.77,-0.00,-0.00,0.77,6028.77,43.69,IMBALANCE_SPEED2
501,54438,-0.91,0.08,1.58,1.83,6738.42,43.69,IMBALANCE_SPEED2
502,54538,-1.84,-0.00,-0.00,1.84,5819.16,43.69,IMBALANCE_SPEED2
503,54638,-0.26,0.94,0.69,1.20,6454.66,43.69,IMBALANCE_SPEED2
504,54738,-0.91,-0.00,-0.00,0.91,6334.43,43.69,IMBALANCE_SPEED2
505,54838,-1.75,1.59,0.84,2.51,5492.12,43.69,IMBALANCE_SPEED2
506,54938,-0.34,0.80,0.70,1.12,6738.04,43.69,IMBALANCE_SPEED2
507,55038,-0.60,-0.00,-0.00,0.60,7050.70,43.69,IMBALANCE_SPEED2
508,55138,-0.68,1.62,0.66,1.87,5923.17,43.69,IMBALANCE_SPEED2
509,55238,-0.53,0.48,0.90,1.15,6371.08,43.69,IMBALANCE_SPEED2
510,55338,-0.91,-0.00,-0.00,0.91,6739.30,43.69,IMBALANCE_SPEED2
511,55438,-1.84,1.65,0.91,2.63,5855.24,43.69,IMBALANCE_SPEED2
512,55538,-0.24,0.95,0.71,1.21,6659.52,43.69,IMBALANCE_SPEED2
513,55638,-1.12,0.06,1.59,1.95,6947.74,43.69,IMBALANCE_SPEED2
514,55738,-1.87,1.68,0.83,2.65,5646.42,43.69,IMBALANCE_SPEED2
515,55838,-0.18,0.83,0.70,1.10,6325.79,43.69,IMBALANCE_SPEED2
516,55938,-0.81,0.09,1.51,1.72,6585.72,43.69,IMBALANCE_SPEED2
517,56038,-1.63,-0.00,-0.00,1.63,5812.57,43.69,IMBALANCE_SPEED2
518,56138,-0.53,0.82,0.72,1.21,6728.57,43.69,IMBALANCE_SPEED2
519,56238,-0.94,-0.00,-0.00,0.94,6377.04,43.69,IMBALANCE_SPEED2
520,56338,-1.87,1.81,0.82,2.73,5106.47,43.69,IMBALANCE_SPEED2
521,56438,-0.23,-0.00,-0.00,0.23,6631.41,43.69,IMBALANCE_SPEED2
522,56538,-0.98,0.02,1.61,1.89,7552.15,43.69,IMBALANCE_SPEED2
523,56638,-1.73,1.82,0.91,2.67,5425.21,43.69,IMBALANCE_SPEED2
524,56738,-0.08,-0.00,-0.00,0.08,6559.46,43.69,IMBALANCE_SPEED2
525,56838,-0.86,-0.04,1.54,1.77,6506.60,43.69,IMBALANCE_SPEED2
526,56938,-1.36,-0.00,-0.00,1.36,5534.04,43.69,IMBALANCE_SPEED2
527,57038,0.20,0.79,0.89,1.21,6559.05,43.69,IMBALANCE_SPEED2
528,57138,-0.54,-0.79,1.56,1.83,6781.08,43.69,IMBALANCE_SPEED2
529,57238,-0.90,0.99,0.88,1.60,5769.69,43.69,IMBALANCE_SPEED2
530,57338,0.69,0.54,0.82,1.20,6756.32,43.69,IMBALANCE_SPEED2
531,57438,-0.39,-0.59,1.48,1.64,6338.00,43.69,IMBALANCE_SPEED2
532,57538,-0.65,0.41,0.89,1.17,5717.65,43.69,IMBALANCE_SPEED2
533,57638,0.74,0.49,0.94,1.29,6663.20,43.69,IMBALANCE_SPEED2
534,57738,-0.23,-0.52,1.44,1.54,6304.57,43.69,IMBALANCE_SPEED2
535,57838,-0.48,0.51,0.88,1.13,6297.24,43.69,IMBALANCE_SPEED2
536,57938,0.76,-0.00,-0.00,0.76,6452.93,43.69,IMBALANCE_SPEED2
537,58038,-0.08,1.00,0.88,1.34,6832.30,43.69,IMBALANCE_SPEED2
538,58138,-0.39,0.56,0.88,1.11,6929.90,43.69,IMBALANCE_SPEED2
539,58238,-1.02,-0.00,-0.00,1.02,6310.07,43.69,IMBALANCE_SPEED2
540,58338,0.18,-0.43,1.31,1.39,6697.66,43.69,IMBALANCE_SPEED2
541,58438,0.08,-0.00,-0.00,0.08,6289.23,43.69,IMBALANCE_SPEED2
542,58538,1.20,-0.19,1.44,1.88,6429.64,43.69,IMBALANCE_SPEED2
543,58638,0.27,-0.00,-0.00,0.27,6723.12,43.69,IMBALANCE_SPEED2
544,58738,0.32,1.36,0.68,1.55,6309.91,43.69,IMBALANCE_SPEED2
545,58838,1.27,-0.47,1.37,1.92,6632.44,43.69,IMBALANCE_SPEED2
546,58938,0.16,-0.00,-0.00,0.16,6599.71,43.69,IMBALANCE_SPEED2
547,59038,0.53,1.56,0.58,1.75,6635.29,43.69,IMBALANCE_SPEED2
548,59138,1.19,-0.49,1.22,1.77,6655.06,43.69,IMBALANCE_SPEED2
549,59238,-0.03,-0.54,1.19,1.31,5980.31,43.69,IMBALANCE_SPEED2
550,59338,0.27,1.91,0.47,1.98,6105.21,43.69,IMBALANCE_SPEED2
551,59438,0.90,-0.00,-0.00,0.90,6502.60,43.69,IMBALANCE_SPEED2
552,59538,-0.32,-0.14,1.17,1.23,5490.38,43.69,IMBALANCE_SPEED2
553,59638,-0.04,-0.00,-0.00,0.04,6482.71,43.69,IMBALANCE_SPEED2
554,59738,0.74,0.37,-0.00,0.83,6583.29,43.69,IMBALANCE_SPEED2
555,59838,-0.43,0.15,1.19,1.27,6514.95,43.69,IMBALANCE_SPEED2
556,59938,-0.25,1.63,0.44,1.71,6554.67,43.69,IMBALANCE_SPEED2
557,60038,0.44,0.53,1.31,1.48,6822.06,43.69,IMBALANCE_SPEED2
558,60137,0.38,-1.96,-0.52,2.06,6520.54,43.69,IMBALANCE_SPEED2
559,60238,-0.70,2.00,-0.00,2.12,6547.80,43.69,IMBALANCE_SPEED2
560,60338,-0.03,0.41,1.47,1.52,6149.10,43.69,IMBALANCE_SPEED2
561,60438,-1.33,-0.00,-0.00,1.33,6541.74,43.69,IMBALANCE_SPEED2
562,60538,-0.58,1.11,0.89,1.53,7047.08,43.69,IMBALANCE_SPEED2
563,60638,-0.24,0.89,1.41,1.68,6725.44,43.69,IMBALANCE_SPEED2
564,60738,-1.25,1.69,0.73,2.23,6648.94,43.69,IMBALANCE_SPEED2
565,60838,-0.52,-0.00,-0.00,0.52,7054.88,43.69,IMBALANCE_SPEED2
566,60938,-0.45,-0.27,1.50,1.59,6848.04,43.69,IMBALANCE_SPEED2
567,61038,-1.44,-0.00,-0.00,1.44,5454.08,43.69,IMBALANCE_SPEED2
568,61138,0.33,0.79,0.97,1.29,6322.53,43.69,IMBALANCE_SPEED2
569,61909,-0.58,-0.00,-0.00,0.58,6633.96,43.44,IMBALANCE_SPEED2
570,62008,0.08,2.00,0.20,2.01,7159.36,43.44,IMBALANCE_SPEED2
571,62107,0.38,-1.96,-0.52,2.06,6655.96,43.44,IMBALANCE_SPEED2
572,62208,-1.58,0.94,1.06,2.12,5486.85,43.44,IMBALANCE_SPEED2
573,62308,-0.34,-0.00,-0.00,0.34,7218.21,43.44,IMBALANCE_SPEED2
574,62408,0.54,-0.14,1.22,1.35,6607.46,43.44,IMBALANCE_SPEED2
575,62508,-1.75,1.07,0.93,2.25,6104.62,43.44,IMBALANCE_SPEED2
576,62608,-0.86,1.08,0.53,1.48,7192.76,43.44,IMBALANCE_SPEED2
577,62708,0.07,-0.00,-0.00,0.07,6972.67,43.44,IMBALANCE_SPEED2
578,62808,-1.65,1.57,0.65,2.37,5473.87,43.44,IMBALANCE_SPEED2
579,62908,-0.63,-0.00,-0.00,0.63,6706.84,43.44,IMBALANCE_SPEED2
580,63008,-0.78,-0.00,-0.00,0.78,6405.17,43.44,IMBALANCE_SPEED2
581,63108,-1.64,1.80,0.75,2.55,6023.35,43.44,IMBALANCE_SPEED2
582,63208,0.15,0.34,0.74,0.83,6755.48,43.44,IMBALANCE_SPEED2
583,63308,-1.01,-0.00,-0.00,1.01,7130.92,43.44,IMBALANCE_SPEED2
584,63408,-0.92,0.92,0.90,1.58,5939.91,43.44,IMBALANCE_SPEED2
585,63508,0.48,-0.00,-0.00,0.48,6211.49,43.44,IMBALANCE_SPEED2
586,63608,-0.76,-0.61,1.46,1.76,7044.30,43.44,IMBALANCE_SPEED2
587,63708,-0.66,-0.00,-0.00,0.66,5278.52,43.44,IMBALANCE_SPEED2
588,63808,0.77,0.16,0.72,1.07,6428.05,43.44,IMBALANCE_SPEED2
589,63908,-0.63,-0.00,-0.00,0.63,6765.17,43.44,IMBALANCE_SPEED2
590,64008,-0.69,-0.12,0.80,1.06,5760.13,43.44,IMBALANCE_SPEED2
591,64108,0.67,-0.00,-0.00,0.67,6622.29,43.44,IMBALANCE_SPEED2
592,64208,-0.54,-0.34,1.26,1.41,6784.62,43.44,IMBALANCE_SPEED2
593,64308,-0.15,-0.00,-0.00,0.15,6144.14,43.44,IMBALANCE_SPEED2
594,64408,0.75,-0.00,-0.00,0.75,6135.35,43.44,IMBALANCE_SPEED2
595,64508,0.07,-0.26,1.08,1.11,6238.64,43.44,IMBALANCE_SPEED2
596,64608,0.43,0.73,0.57,1.02,6294.19,43.44,IMBALANCE_SPEED2
597,64708,0.39,-0.39,1.28,1.39,6536.02,43.44,IMBALANCE_SPEED2
598,64808,-0.14,-0.00,-0.00,0.14,6550.34,43.44,IMBALANCE_SPEED2
599,64908,0.67,1.10,0.32,1.32,6388.54,43.44,IMBALANCE_SPEED2
600,65008,0.25,0.04,1.31,1.34,6224.77,43.44,IMBALANCE_SPEED2
601,65108,-0.20,-0.77,0.98,1.26,6000.48,43.44,IMBALANCE_SPEED2
602,65208,0.08,1.36,0.43,1.43,6238.22,43.44,IMBALANCE_SPEED2
603,65308,0.28,0.33,1.32,1.39,6468.83,43.44,IMBALANCE_SPEED2
604,65408,-0.71,0.21,1.27,1.47,5831.12,43.44,IMBALANCE_SPEED2
605,65508,-0.25,-0.00,-0.00,0.25,6578.78,43.44,IMBALANCE_SPEED2
606,65608,0.16,0.05,1.26,1.27,6801.44,43.44,IMBALANCE_SPEED2
607,65708,-0.49,0.73,1.00,1.33,6287.15,43.44,IMBALANCE_SPEED2
608,65808,-0.55,-0.00,-0.00,0.55,6214.65,43.44,IMBALANCE_SPEED2
609,65908,-0.14,-0.98,1.35,1.67,6167.87,43.44,IMBALANCE_SPEED2
610,66008,-0.39,1.33,0.66,1.53,6587.74,43.44,IMBALANCE_SPEED2
611,66108,0.14,1.01,1.14,1.53,6419.30,43.44,IMBALANCE_SPEED2
612,66208,0.77,-0.00,-0.00,0.77,6635.74,43.44,IMBALANCE_SPEED2
613,66308,-0.34,1.52,0.78,1.74,7232.18,43.44,IMBALANCE_SPEED2
614,66408,0.95,-0.00,-0.00,0.95,7009.66,43.44,IMBALANCE_SPEED2
615,66508,-0.69,-1.15,1.44,1.97,6748.30,43.44,IMBALANCE_SPEED2
616,66608,-0.89,0.72,0.72,1.35,6359.54,43.44,IMBALANCE_SPEED2
617,66708,1.65,-0.00,-0.00,1.65,6610.12,43.44,IMBALANCE_SPEED2
618,66808,0.74,-1.16,1.41,1.97,6490.89,43.44,IMBALANCE_SPEED2
619,66908,-0.44,-0.00,-0.00,0.44,6854.92,43.44,IMBALANCE_SPEED2
620,67008,1.80,-0.10,1.11,2.12,6894.25,43.44,IMBALANCE_SPEED2
621,67108,0.93,-0.35,1.28,1.62,6477.17,43.44,IMBALANCE_SPEED2
622,67208,-0.44,-0.00,-0.00,0.44,6615.10,43.44,IMBALANCE_SPEED2
623,67308,1.50,-1.02,1.20,2.18,6174.90,43.44,IMBALANCE_SPEED2
624,67408,0.63,-0.24,1.28,1.45,5708.65,43.44,IMBALANCE_SPEED2
625,67508,-0.29,1.66,0.47,1.75,6928.34,43.44,IMBALANCE_SPEED2
626,67608,1.28,-0.00,-0.00,1.28,6543.59,43.44,IMBALANCE_SPEED2
627,67708,0.18,-0.45,1.16,1.26,5904.46,43.44,IMBALANCE_SPEED2
628,67808,-0.55,2.00,0.26,2.09,7295.76,43.44,IMBALANCE_SPEED2
629,67908,1.25,-1.07,1.24,2.06,6373.05,43.44,IMBALANCE_SPEED2
630,68008,0.14,-0.32,1.20,1.25,6470.20,43.44,IMBALANCE_SPEED2
631,68108,0.58,1.25,0.62,1.51,6734.89,43.44,IMBALANCE_SPEED2
632,68208,0.71,0.00,1.36,1.53,6504.53,43.44,IMBALANCE_SPEED2
633,68308,1.15,-0.12,1.30,1.74,6467.46,43.44,IMBALANCE_SPEED2
634,68408,0.49,2.00,-0.00,2.06,6614.43,43.44,IMBALANCE_SPEED2
635,68508,0.82,0.04,1.30,1.54,6902.41,43.44,IMBALANCE_SPEED2
636,68608,-0.41,-0.12,1.11,1.18,6082.96,43.44,IMBALANCE_SPEED2
637,68708,0.21,-0.00,-0.00,0.21,6765.55,43.44,IMBALANCE_SPEED2
638,68808,0.40,-0.22,1.30,1.38,6531.32,43.44,IMBALANCE_SPEED2
639,68908,-1.17,0.68,1.07,1.73,5889.46,43.44,IMBALANCE_SPEED2
640,69008,-0.34,1.48,0.75,1.69,6398.34,43.44,IMBALANCE_SPEED2
641,69108,0.43,0.87,1.48,1.77,6547.01,43.44,IMBALANCE_SPEED2
642,69208,-0.90,-0.00,-0.00,0.90,5998.92,43.44,IMBALANCE_SPEED2
643,69308,-0.52,2.00,0.55,2.14,6913.71,43.44,IMBALANCE_SPEED2
644,69408,0.20,-0.00,-0.00,0.20,6321.24,43.44,IMBALANCE_SPEED2
645,69508,-0.38,0.37,1.12,1.24,6547.30,43.44,IMBALANCE_SPEED2
646,69608,-0.50,-0.00,-0.00,0.50,6710.89,43.44,IMBALANCE_SPEED2
647,69708,0.18,0.51,1.35,1.46,6719.31,43.44,IMBALANCE_SPEED2
648,69808,-0.43,0.55,1.14,1.34,6089.92,43.44,IMBALANCE_SPEED2
649,69908,-0.54,0.87,0.81,1.30,6466.17,43.44,IMBALANCE_SPEED2
650,70008,-0.02,-0.00,-0.00,0.02,6538.21,43.44,IMBALANCE_SPEED2
651,70108,-1.57,2.00,0.78,2.66,5427.01,43.44,IMBALANCE_SPEED2
652,70208,-0.34,-0.00,-0.00,0.34,6815.25,43.44,IMBALANCE_SPEED2
653,70308,0.18,0.10,1.47,1.48,7232.28,43.44,IMBALANCE_SPEED2
654,70507,-1.18,-1.18,-1.18,2.04,7442.26,43.44,IMBALANCE_SPEED2
655,70608,0.53,0.90,0.92,1.40,6851.14,43.44,IMBALANCE_SPEED2
656,70707,0.38,-1.96,-0.52,2.06,6676.83,43.44,IMBALANCE_SPEED2
657,70808,0.02,-0.00,-0.00,0.02,6450.52,43.44,IMBALANCE_SPEED2
658,70908,-0.72,0.17,1.68,1.84,6047.21,43.44,IMBALANCE_SPEED2
659,71008,-0.37,1.19,0.98,1.58,5596.00,43.44,IMBALANCE_SPEED2
660,71108,0.70,-0.00,-0.00,0.70,5928.29,43.44,IMBALANCE_SPEED2
661,71208,-1.02,-0.80,1.46,1.95,6391.24,43.44,IMBALANCE_SPEED2
662,71979,-1.14,0.94,0.69,1.63,5656.20,43.25,IMBALANCE_SPEED2
663,72077,0.38,-1.96,-0.52,2.06,6636.13,43.25,IMBALANCE_SPEED2
664,72177,0.38,-1.96,-0.52,2.06,6061.87,43.25,IMBALANCE_SPEED2
665,72278,-0.67,0.90,0.83,1.40,6671.32,43.25,IMBALANCE_SPEED2
666,72378,-0.21,-0.00,-0.00,0.21,7081.61,43.25,IMBALANCE_SPEED2
667,72478,-1.77,2.00,-0.00,2.67,5745.48,43.25,IMBALANCE_SPEED2
668,72577,0.38,-1.96,-0.52,2.06,6621.54,43.25,IMBALANCE_SPEED2
669,72678,-0.27,-0.81,1.53,1.75,6299.56,43.25,IMBALANCE_SPEED2
670,72778,-0.41,-0.00,-0.00,0.41,5881.41,43.25,IMBALANCE_SPEED2
671,72878,0.92,0.56,0.87,1.39,6340.11,43.25,IMBALANCE_SPEED2
672,72978,0.10,-0.00,-0.00,0.10,6611.40,43.25,IMBALANCE_SPEED2
673,73078,-0.87,1.16,0.75,1.63,6253.00,43.25,IMBALANCE_SPEED2
674,73178,0.82,0.05,0.78,1.14,6489.07,43.25,IMBALANCE_SPEED2
675,73278,0.14,-0.00,-0.00,0.14,6614.37,43.25,IMBALANCE_SPEED2
676,73378,-0.98,1.14,0.61,1.62,6509.23,43.25,IMBALANCE_SPEED2
677,73478,1.53,-0.00,-0.00,1.53,6270.12,43.25,IMBALANCE_SPEED2
678,73578,0.59,-0.48,1.34,1.54,6661.09,43.25,IMBALANCE_SPEED2
679,73678,0.35,1.11,0.65,1.33,6373.58,43.25,IMBALANCE_SPEED2
680,73778,1.30,-0.00,-0.00,1.30,7025.76,43.25,IMBALANCE_SPEED2
681,73878,0.82,-0.41,1.24,1.54,5966.20,43.25,IMBALANCE_SPEED2
682,73978,-0.53,1.62,0.34,1.74,7038.17,43.25,IMBALANCE_SPEED2
683,74078,0.98,-0.00,-0.00,0.98,6515.58,43.25,IMBALANCE_SPEED2
684,74178,0.20,-0.42,1.07,1.17,5954.13,43.25,IMBALANCE_SPEED2
685,74278,0.58,-0.00,-0.00,0.58,6324.59,43.25,IMBALANCE_SPEED2
686,74378,0.52,-0.29,1.28,1.41,6220.62,43.25,IMBALANCE_SPEED2
687,74478,-0.09,-0.00,-0.00,0.09,5805.61,43.25,IMBALANCE_SPEED2
688,74578,-0.27,1.50,0.62,1.64,6739.40,43.25,IMBALANCE_SPEED2
689,74678,0.18,-0.00,-0.00,0.18,6828.52,43.25,IMBALANCE_SPEED2
690,74778,-1.89,1.25,1.00,2.47,6308.60,43.25,IMBALANCE_SPEED2
691,74878,-0.57,1.00,0.70,1.35,7536.82,43.25,IMBALANCE_SPEED2
692,74978,0.01,-0.00,-0.00,0.01,6841.93,43.25,IMBALANCE_SPEED2
693,75078,-0.40,0.52,1.01,1.21,6049.66,43.25,IMBALANCE_SPEED2
694,75178,-0.52,0.34,0.77,0.99,6502.29,43.25,IMBALANCE_SPEED2
695,75278,-0.21,-0.51,1.45,1.55,6819.12,43.25,IMBALANCE_SPEED2
696,75378,-1.59,1.70,0.73,2.44,6410.40,43.25,IMBALANCE_SPEED2
697,75478,-0.50,-0.00,-0.00,0.50,7067.65,43.25,IMBALANCE_SPEED2
698,75578,-0.60,0.02,1.44,1.56,6607.14,43.25,IMBALANCE_SPEED2
699,75678,-1.54,1.47,0.83,2.29,5819.20,43.25,IMBALANCE_SPEED2
700,75778,-0.28,0.80,0.90,1.24,6125.73,43.25,IMBALANCE_SPEED2
701,75878,-0.99,-0.00,-0.00,0.99,6235.26,43.25,IMBALANCE_SPEED2
702,75978,-1.73,1.34,0.82,2.34,5520.53,43.25,IMBALANCE_SPEED2
703,76078,0.63,0.61,0.88,1.24,6608.24,43.25,IMBALANCE_SPEED2
704,76277,-0.86,-0.84,1.46,1.89,5622.16,43.25,IMBALANCE_SPEED2
705,76377,0.38,-1.96,-0.52,2.06,6679.11,43.25,IMBALANCE_SPEED2
706,76478,0.92,-1.31,1.32,2.08,6320.85,43.25,IMBALANCE_SPEED2
707,76578,-0.21,0.78,0.94,1.24,6109.61,43.25,IMBALANCE_SPEED2
708,76677,0.38,-1.96,-0.52,2.06,6623.04,43.25,IMBALANCE_SPEED2
709,76778,0.30,-0.88,1.37,1.65,6108.68,43.25,IMBALANCE_SPEED2
710,76878,-0.47,-0.00,-0.00,0.47,6218.35,43.25,IMBALANCE_SPEED2
711,76977,0.38,-1.96,-0.52,2.06,6589.08,43.25,IMBALANCE_SPEED2
712,77078,0.97,-0.65,1.24,1.71,6229.67,43.25,IMBALANCE_SPEED2
713,77178,-0.38,-0.00,-0.00,0.38,6263.01,43.25,IMBALANCE_SPEED2
714,77278,1.04,-0.23,1.31,1.68,6705.20,43.25,IMBALANCE_SPEED2
715,77378,0.13,-0.17,1.23,1.25,6048.82,43.25,IMBALANCE_SPEED2
716,77478,0.13,1.20,-0.00,1.20,6125.79,43.25,IMBALANCE_SPEED2
717,77577,0.38,-1.96,-0.52,2.06,6305.89,43.25,IMBALANCE_SPEED2
718,77678,0.24,-0.16,1.14,1.17,5988.82,43.25,IMBALANCE_SPEED2
719,77778,-0.56,2.00,-0.00,2.08,7150.18,43.25,IMBALANCE_SPEED2
720,77878,1.04,-0.99,1.23,1.89,6294.95,43.25,IMBALANCE_SPEED2
721,77978,0.08,-0.37,1.03,1.10,6339.36,43.25,IMBALANCE_SPEED2
722,78078,-0.13,2.00,-0.00,2.00,6643.65,43.25,IMBALANCE_SPEED2
723,78177,0.38,-1.96,-0.52,2.06,6244.66,43.25,IMBALANCE_SPEED2
724,78278,-1.00,0.56,1.07,1.57,5712.94,43.25,IMBALANCE_SPEED2
725,78378,0.19,1.32,0.51,1.43,6927.71,43.25,IMBALANCE_SPEED2
726,78478,0.37,0.94,-0.00,1.01,7451.38,43.25,IMBALANCE_SPEED2
727,78577,0.38,-1.96,-0.52,2.06,6402.42,43.25,IMBALANCE_SPEED2
728,78678,-0.49,0.93,0.74,1.29,7076.53,43.25,IMBALANCE_SPEED2
729,78778,0.08,0.09,1.31,1.31,7120.19,43.25,IMBALANCE_SPEED2
730,78878,-1.72,2.00,1.01,2.83,5230.07,43.25,IMBALANCE_SPEED2
731,78978,-0.48,-0.00,-0.00,0.48,7017.16,43.25,IMBALANCE_SPEED2
732,79078,-0.20,-0.79,1.62,1.81,7000.99,43.25,IMBALANCE_SPEED2
733,79178,-0.39,1.47,0.70,1.67,7215.22,43.25,IMBALANCE_SPEED2
734,79278,0.40,0.31,-0.00,0.51,6888.08,43.25,IMBALANCE_SPEED2
735,79377,0.38,-1.96,-0.52,2.06,6960.08,43.25,IMBALANCE_SPEED2
736,79478,-1.28,1.13,0.57,1.80,6573.31,43.25,IMBALANCE_SPEED2
737,79578,1.31,0.91,0.89,1.83,6500.50,43.25,IMBALANCE_SPEED2
738,79677,0.38,-1.96,-0.52,2.06,6450.73,43.25,IMBALANCE_SPEED2
739,79778,-0.43,0.16,0.72,0.86,6696.88,43.25,IMBALANCE_SPEED2
740,79878,1.48,0.08,-0.00,1.48,7338.67,43.25,IMBALANCE_SPEED2
741,79977,0.38,-1.96,-0.52,2.06,7089.44,43.25,IMBALANCE_SPEED2
742,80078,-0.60,1.38,0.54,1.60,6928.52,43.25,IMBALANCE_SPEED2
743,80178,1.52,-0.54,1.21,2.01,6720.26,43.25,IMBALANCE_SPEED2
744,80278,0.06,-0.04,1.16,1.16,5695.11,43.25,IMBALANCE_SPEED2
745,80378,0.46,0.77,0.52,1.03,6221.44,43.25,IMBALANCE_SPEED2
746,80478,1.48,-0.75,-0.00,1.66,6365.25,43.25,IMBALANCE_SPEED2
747,80577,0.38,-1.96,-0.52,2.06,5897.88,43.25,IMBALANCE_SPEED2
748,80677,0.38,-1.96,-0.52,2.06,6675.79,43.25,IMBALANCE_SPEED2
749,80778,1.11,0.11,-1.44,1.82,6999.41,43.25,IMBALANCE_SPEED2
750,80878,-0.15,-0.02,1.04,1.05,6570.48,43.25,IMBALANCE_SPEED2
751,80978,-0.37,-0.00,-0.00,0.37,7658.22,43.25,IMBALANCE_SPEED2
752,81077,0.38,-1.96,-0.52,2.06,6800.76,43.25,IMBALANCE_SPEED2
753,81178,-0.10,-0.34,1.09,1.15,6474.49,43.25,IMBALANCE_SPEED2
754,81278,0.01,2.00,-0.00,2.00,6959.18,43.25,IMBALANCE_SPEED2
755,82049,0.38,-1.96,-0.52,2.06,6399.10,43.00,IMBALANCE_SPEED2
756,82148,0.04,0.86,0.92,1.26,7005.92,43.00,IMBALANCE_SPEED2
757,82247,0.38,-1.96,-0.52,2.06,6581.62,43.00,IMBALANCE_SPEED2
758,82348,-0.06,-0.00,-0.00,0.06,6746.29,43.00,IMBALANCE_SPEED2
759,82447,0.38,-1.96,-0.52,2.06,6193.57,43.00,IMBALANCE_SPEED2
760,82548,1.16,0.09,1.25,1.71,6897.19,43.00,IMBALANCE_SPEED2
761,82648,0.75,-0.61,1.41,1.71,6716.98,43.00,IMBALANCE_SPEED2
762,82748,-0.03,-0.00,-0.00,0.03,7194.01,43.00,IMBALANCE_SPEED2
763,82847,0.38,-1.96,-0.52,2.06,6506.88,43.00,IMBALANCE_SPEED2
764,83047,0.81,-0.30,1.30,1.56,6887.83,43.00,IMBALANCE_SPEED2
765,83147,0.38,-1.96,-0.52,2.06,7073.00,43.00,IMBALANCE_SPEED2
766,83248,0.63,-0.36,1.36,1.54,6526.75,43.00,IMBALANCE_SPEED2
767,83348,-0.45,1.83,0.28,1.91,7265.87,43.00,IMBALANCE_SPEED2
768,83448,1.70,-0.00,-0.00,1.70,6665.54,43.00,IMBALANCE_SPEED2
769,83547,0.38,-1.96,-0.52,2.06,6385.55,43.00,IMBALANCE_SPEED2
770,83648,0.46,1.01,0.51,1.21,7226.69,43.00,IMBALANCE_SPEED2
771,83748,0.81,-0.00,-0.00,0.81,6926.97,43.00,IMBALANCE_SPEED2
772,83847,0.38,-1.96,-0.52,2.06,6563.25,43.00,IMBALANCE_SPEED2
773,84047,0.12,1.69,0.57,1.79,6656.16,43.00,IMBALANCE_SPEED2
774,84147,0.38,-1.96,-0.52,2.06,6334.62,43.00,IMBALANCE_SPEED2
775,84248,-0.13,1.09,0.53,1.22,6932.55,43.00,IMBALANCE_SPEED2
776,84348,0.06,-0.00,-0.00,0.06,6216.35,43.00,IMBALANCE_SPEED2
777,84447,0.38,-1.96,-0.52,2.06,6159.17,43.00,IMBALANCE_SPEED2
778,84548,-0.41,1.04,0.88,1.43,6439.66,43.00,IMBALANCE_SPEED2
779,84648,-0.16,-0.04,1.36,1.37,6607.16,43.00,IMBALANCE_SPEED2
780,84748,-1.52,1.78,0.76,2.46,6074.07,43.00,IMBALANCE_SPEED2
781,84848,-0.42,0.66,0.86,1.17,6900.95,43.00,IMBALANCE_SPEED2
782,84948,-0.76,-0.00,-0.00,0.76,6455.42,43.00,IMBALANCE_SPEED2
783,85047,0.38,-1.96,-0.52,2.06,5694.83,43.00,IMBALANCE_SPEED2
784,85148,0.92,0.61,0.84,1.39,5996.21,43.00,IMBALANCE_SPEED2
785,85248,0.58,-1.80,1.61,2.48,5679.69,43.00,IMBALANCE_SPEED2
786,85348,-0.81,1.06,0.71,1.51,6500.62,43.00,IMBALANCE_SPEED2
787,85448,0.88,-0.00,-0.00,0.88,6428.85,43.00,IMBALANCE_SPEED2
788,85547,0.38,-1.96,-0.52,2.06,7012.12,43.00,IMBALANCE_SPEED2
789,85648,-0.81,0.66,0.68,1.25,6429.13,43.00,IMBALANCE_SPEED2
790,85748,2.00,-0.00,-0.00,2.00,6425.91,43.00,IMBALANCE_SPEED2
791,85847,0.38,-1.96,-0.52,2.06,6499.52,43.00,IMBALANCE_SPEED2
792,85948,-0.63,1.24,0.41,1.45,6923.72,43.00,IMBALANCE_SPEED2
793,86048,1.43,-0.73,1.26,2.04,6842.87,43.00,IMBALANCE_SPEED2
794,86148,0.18,-0.46,1.14,1.24,6264.21,43.00,IMBALANCE_SPEED2
795,86248,0.66,0.99,0.47,1.28,6157.35,43.00,IMBALANCE_SPEED2
796,86348,0.64,-0.43,1.28,1.49,6842.49,43.00,IMBALANCE_SPEED2
797,86448,-0.28,-0.07,0.97,1.01,6525.74,43.00,IMBALANCE_SPEED2
798,86548,0.06,-0.00,-0.00,0.06,7485.46,43.00,IMBALANCE_SPEED2
799,86647,0.38,-1.96,-0.52,2.06,6956.73,43.00,IMBALANCE_SPEED2
800,86748,-0.48,-0.09,1.20,1.29,6121.14,43.00,IMBALANCE_SPEED2
801,86848,-0.06,1.61,0.60,1.72,6780.65,43.00,IMBALANCE_SPEED2
802,86948,-0.09,-0.00,-0.00,0.09,7219.44,43.00,IMBALANCE_SPEED2
803,87047,0.38,-1.96,-0.52,2.06,5827.12,43.00,IMBALANCE_SPEED2
804,87148,-0.86,1.15,0.65,1.58,7067.34,43.00,IMBALANCE_SPEED2
805,87248,-0.46,0.08,1.26,1.35,6672.56,43.00,IMBALANCE_SPEED2
806,87348,-1.11,1.36,0.80,1.92,6626.77,43.00,IMBALANCE_SPEED2
807,87448,-0.78,0.52,0.86,1.28,6457.72,43.00,IMBALANCE_SPEED2
808,87548,-0.35,-1.06,1.50,1.87,6679.29,43.00,IMBALANCE_SPEED2
809,87648,-0.84,-0.00,-0.00,0.84,6648.78,43.00,IMBALANCE_SPEED2
810,87747,0.38,-1.96,-0.52,2.06,7106.44,43.00,IMBALANCE_SPEED2
811,87848,-0.82,0.15,1.58,1.78,6789.48,43.00,IMBALANCE_SPEED2
812,87948,-1.77,1.79,0.84,2.65,5868.59,43.00,IMBALANCE_SPEED2
813,88048,-0.07,0.76,1.02,1.28,6618.19,43.00,IMBALANCE_SPEED2
814,88148,-0.23,-0.00,-0.00,0.23,5863.35,43.00,IMBALANCE_SPEED2
815,88247,0.38,-1.96,-0.52,2.06,6188.58,43.00,IMBALANCE_SPEED2
816,88348,0.98,0.78,1.09,1.67,6442.39,43.00,IMBALANCE_SPEED2
817,88448,-0.20,-1.13,1.53,1.91,7006.36,43.00,IMBALANCE_SPEED2
818,88548,-0.74,0.23,0.71,1.05,6003.02,43.00,IMBALANCE_SPEED2
819,88648,1.14,0.20,0.93,1.49,7037.15,43.00,IMBALANCE_SPEED2
820,88748,-0.04,-1.10,1.50,1.86,6327.31,43.00,IMBALANCE_SPEED2
821,88848,-0.37,-0.00,-0.00,0.37,6294.96,43.00,IMBALANCE_SPEED2
822,88947,0.38,-1.96,-0.52,2.06,5995.08,43.00,IMBALANCE_SPEED2
823,89047,0.38,-1.96,-0.52,2.06,5326.17,43.00,IMBALANCE_SPEED2
824,89148,-0.01,0.38,0.71,0.81,6384.33,43.00,IMBALANCE_SPEED2
825,89248,2.00,-0.77,1.42,2.57,6649.11,43.00,IMBALANCE_SPEED2
826,89348,0.82,-0.00,-0.00,0.82,6211.73,43.00,IMBALANCE_SPEED2
827,89447,0.38,-1.96,-0.52,2.06,6714.06,43.00,IMBALANCE_SPEED2
828,89647,1.53,-0.83,1.29,2.17,6011.51,43.00,IMBALANCE_SPEED2
829,89747,0.38,-1.96,-0.52,2.06,7261.69,43.00,IMBALANCE_SPEED2
830,89848,0.67,-0.80,1.40,1.74,6951.48,43.00,IMBALANCE_SPEED2
831,89948,-0.85,0.50,1.14,1.51,5445.46,43.00,IMBALANCE_SPEED2
832,90048,-0.24,2.00,0.32,2.04,6546.80,43.00,IMBALANCE_SPEED2
833,90148,0.36,-0.29,1.37,1.45,6300.25,43.00,IMBALANCE_SPEED2
834,90248,-1.63,0.96,0.94,2.11,5433.39,43.00,IMBALANCE_SPEED2
835,90348,-0.45,-0.00,-0.00,0.45,6946.91,43.00,IMBALANCE_SPEED2
836,90447,0.38,-1.96,-0.52,2.06,6690.97,43.00,IMBALANCE_SPEED2
837,90548,-1.82,1.47,0.90,2.50,5666.77,43.00,IMBALANCE_SPEED2
838,90648,-0.58,0.96,0.90,1.44,7710.91,43.00,IMBALANCE_SPEED2
839,90748,-0.32,-0.00,-0.00,0.32,6718.33,43.00,IMBALANCE_SPEED2
840,90847,0.38,-1.96,-0.52,2.06,6031.93,43.00,IMBALANCE_SPEED2
841,90948,-0.39,0.82,0.97,1.33,7342.53,43.00,IMBALANCE_SPEED2
842,91048,-0.43,-0.52,1.60,1.74,6548.96,43.00,IMBALANCE_SPEED2
843,91148,-1.09,1.28,0.77,1.85,6558.36,43.00,IMBALANCE_SPEED2
844,91248,1.15,-0.00,-0.00,1.15,6964.61,43.00,IMBALANCE_SPEED2
845,91347,0.38,-1.96,-0.52,2.06,6838.92,43.00,IMBALANCE_SPEED2
846,92119,-0.37,0.79,0.88,1.24,7006.36,42.81,IMBALANCE_SPEED2
847,92218,-0.20,-1.17,1.65,2.03,6910.60,42.81,IMBALANCE_SPEED2
848,92318,-0.81,1.83,0.79,2.15,6401.17,42.81,IMBALANCE_SPEED2
849,92418,0.59,0.47,0.94,1.20,6867.08,42.81,IMBALANCE_SPEED2
850,92518,-0.24,-0.71,1.63,1.80,6614.17,42.81,IMBALANCE_SPEED2
851,92618,-0.60,0.56,0.70,1.08,6164.96,42.81,IMBALANCE_SPEED2
852,92718,1.17,0.37,1.08,1.63,7035.46,42.81,IMBALANCE_SPEED2
853,92818,0.14,0.16,1.28,1.29,6322.30,42.81,IMBALANCE_SPEED2
854,92918,0.05,0.73,0.73,1.03,6392.32,42.81,IMBALANCE_SPEED2
855,93018,1.69,-0.00,-0.00,1.69,6626.93,42.81,IMBALANCE_SPEED2
856,93117,0.38,-1.96,-0.52,2.06,6339.14,42.81,IMBALANCE_SPEED2
857,93218,-0.34,2.00,0.29,2.05,7730.73,42.81,IMBALANCE_SPEED2
858,93318,0.48,-0.00,-0.00,0.48,6736.11,42.81,IMBALANCE_SPEED2
859,93417,0.38,-1.96,-0.52,2.06,6655.08,42.81,IMBALANCE_SPEED2
860,93518,-0.13,1.62,0.69,1.77,6524.68,42.81,IMBALANCE_SPEED2
861,93618,0.00,0.41,1.36,1.42,6624.76,42.81,IMBALANCE_SPEED2
862,93718,-1.66,1.51,0.81,2.38,6015.66,42.81,IMBALANCE_SPEED2
863,93818,-0.38,0.75,0.84,1.18,6481.19,42.81,IMBALANCE_SPEED2
864,93918,-0.63,-0.00,-0.00,0.63,7017.43,42.81,IMBALANCE_SPEED2
865,94017,0.38,-1.96,-0.52,2.06,5679.57,42.81,IMBALANCE_SPEED2
866,94217,0.78,0.42,0.86,1.24,6714.39,42.81,IMBALANCE_SPEED2
867,94317,0.38,-1.96,-0.52,2.06,6701.29,42.81,IMBALANCE_SPEED2
868,94418,1.61,1.03,1.11,2.21,6021.68,42.81,IMBALANCE_SPEED2
869,94518,0.68,-0.34,1.38,1.57,6627.32,42.81,IMBALANCE_SPEED2
870,94618,-0.58,0.59,0.54,1.00,6210.34,42.81,IMBALANCE_SPEED2
871,94718,1.68,-0.59,1.33,2.22,7154.79,42.81,IMBALANCE_SPEED2
872,94818,0.66,-0.29,1.19,1.39,6887.09,42.81,IMBALANCE_SPEED2
873,94918,0.59,1.41,0.56,1.63,7097.80,42.81,IMBALANCE_SPEED2
874,95018,1.26,-0.67,1.32,1.95,6516.38,42.81,IMBALANCE_SPEED2
875,95118,-0.00,-0.29,1.03,1.07,6294.56,42.81,IMBALANCE_SPEED2
876,95218,0.66,1.69,0.47,1.87,6605.67,42.81,IMBALANCE_SPEED2
877,95318,0.31,-0.00,-0.00,0.31,7120.15,42.81,IMBALANCE_SPEED2
878,95417,0.38,-1.96,-0.52,2.06,5987.07,42.81,IMBALANCE_SPEED2
879,95518,-0.26,1.30,0.62,1.47,7712.15,42.81,IMBALANCE_SPEED2
880,95618,-0.11,0.34,1.38,1.43,6995.13,42.81,IMBALANCE_SPEED2
881,95718,-1.56,1.30,0.87,2.21,6487.36,42.81,IMBALANCE_SPEED2
882,95818,-0.45,0.72,0.78,1.15,7296.73,42.81,IMBALANCE_SPEED2
883,95918,-0.23,-0.00,-0.00,0.23,6932.17,42.81,IMBALANCE_SPEED2
884,96017,0.38,-1.96,-0.52,2.06,6288.14,42.81,IMBALANCE_SPEED2
885,96217,-0.45,0.49,0.81,1.05,6825.97,42.81,IMBALANCE_SPEED2
886,96317,0.38,-1.96,-0.52,2.06,6081.64,42.81,IMBALANCE_SPEED2
887,96418,-0.05,-0.01,0.97,0.97,6781.31,42.81,IMBALANCE_SPEED2
888,96518,-0.51,-0.00,-0.00,0.51,7012.76,42.81,IMBALANCE_SPEED2
889,96617,0.38,-1.96,-0.52,2.06,6328.78,42.81,IMBALANCE_SPEED2
890,96817,0.34,0.13,0.97,1.04,6552.43,42.81,IMBALANCE_SPEED2
891,96917,0.38,-1.96,-0.52,2.06,6084.43,42.81,IMBALANCE_SPEED2
892,97018,1.50,0.29,1.09,1.88,6626.70,42.81,IMBALANCE_SPEED2
893,97118,0.28,-1.15,1.45,1.87,6391.90,42.81,IMBALANCE_SPEED2
894,97218,-0.86,0.83,0.66,1.37,6157.25,42.81,IMBALANCE_SPEED2
895,97318,1.55,0.05,1.24,1.98,7278.78,42.81,IMBALANCE_SPEED2
896,97418,0.30,-0.71,1.36,1.56,6917.99,42.81,IMBALANCE_SPEED2
897,97518,-0.48,1.16,0.64,1.41,7024.01,42.81,IMBALANCE_SPEED2
898,97618,1.60,-0.00,-0.00,1.60,6477.59,42.81,IMBALANCE_SPEED2
899,97717,0.38,-1.96,-0.52,2.06,6296.51,42.81,IMBALANCE_SPEED2
900,97818,-0.65,1.56,0.39,1.73,6374.98,42.81,IMBALANCE_SPEED2
901,97918,0.82,-0.00,-0.00,0.82,6448.76,42.81,IMBALANCE_SPEED2
902,98017,0.38,-1.96,-0.52,2.06,6215.61,42.81,IMBALANCE_SPEED2
903,98118,0.07,1.85,0.21,1.87,6579.74,42.81,IMBALANCE_SPEED2
904,98218,0.22,-0.81,1.39,1.63,6503.05,42.81,IMBALANCE_SPEED2
905,98318,-1.80,-0.00,-0.00,1.80,5472.64,42.81,IMBALANCE_SPEED2
906,98417,0.38,-1.96,-0.52,2.06,6916.94,42.81,IMBALANCE_SPEED2
907,98518,-0.06,-0.27,1.12,1.16,6552.27,42.81,IMBALANCE_SPEED2
908,98618,-2.00,1.27,0.80,2.50,5737.27,42.81,IMBALANCE_SPEED2
909,98718,-0.70,-0.00,-0.00,0.70,7483.18,42.81,IMBALANCE_SPEED2
910,98817,0.38,-1.96,-0.52,2.06,7087.37,42.81,IMBALANCE_SPEED2
911,98918,-2.00,1.57,0.61,2.61,6058.13,42.81,IMBALANCE_SPEED2
912,99018,-0.49,-0.00,-0.00,0.49,6657.79,42.81,IMBALANCE_SPEED2
913,99117,0.38,-1.96,-0.52,2.06,6551.56,42.81,IMBALANCE_SPEED2
914,99317,-1.50,0.90,0.74,1.90,7127.12,42.81,IMBALANCE_SPEED2
915,99417,0.38,-1.96,-0.52,2.06,6937.36,42.81,IMBALANCE_SPEED2
916,99518,-0.62,0.19,0.89,1.10,6547.97,42.81,IMBALANCE_SPEED2
917,99618,1.13,0.30,1.39,1.81,7049.03,42.81,IMBALANCE_SPEED2
918,99718,-0.19,-0.25,1.37,1.40,6975.56,42.81,IMBALANCE_SPEED2
919,99818,0.33,-0.00,-0.00,0.33,6550.67,42.81,IMBALANCE_SPEED2
920,99917,0.38,-1.96,-0.52,2.06,6735.82,42.81,IMBALANCE_SPEED2
921,100018,-0.02,-0.35,1.05,1.11,6015.93,42.81,IMBALANCE_SPEED2
922,100118,0.44,1.73,0.39,1.82,6581.92,42.81,IMBALANCE_SPEED2
923,100218,0.49,0.32,1.38,1.50,7221.47,42.81,IMBALANCE_SPEED2
924,100318,-0.56,-0.02,1.18,1.31,6196.32,42.81,IMBALANCE_SPEED2
925,100418,-0.51,1.18,0.83,1.53,5911.39,42.81,IMBALANCE_SPEED2
926,100518,0.12,0.18,1.13,1.15,6404.99,42.81,IMBALANCE_SPEED2
927,100618,-0.52,-0.00,-0.00,0.52,6289.02,42.81,IMBALANCE_SPEED2
928,100717,0.38,-1.96,-0.52,2.06,6641.19,42.81,IMBALANCE_SPEED2
929,100818,0.01,-1.41,1.66,2.18,6615.26,42.81,IMBALANCE_SPEED2
930,100918,0.11,1.47,0.84,1.70,6949.60,42.81,IMBALANCE_SPEED2
931,101018,1.87,0.94,1.03,2.33,6173.95,42.81,IMBALANCE_SPEED2
932,101118,0.73,-0.00,-0.00,0.73,5803.17,42.81,IMBALANCE_SPEED2
933,101217,0.38,-1.96,-0.52,2.06,7237.35,42.81,IMBALANCE_SPEED2
934,101318,1.92,-1.06,1.29,2.54,6643.24,42.81,IMBALANCE_SPEED2
935,101418,0.44,0.48,0.96,1.16,5949.40,42.81,IMBALANCE_SPEED2
936,102189,-0.15,-0.00,-0.00,0.15,6841.70,42.69,IMBALANCE_SPEED2
937,102287,0.38,-1.96,-0.52,2.06,6842.13,42.69,IMBALANCE_SPEED2
938,102388,0.40,1.63,0.36,1.71,6364.91,42.69,IMBALANCE_SPEED2
939,102488,0.52,0.14,1.35,1.45,6377.43,42.69,IMBALANCE_SPEED2
940,102588,-0.84,0.46,1.20,1.54,6478.70,42.69,IMBALANCE_SPEED2
941,102688,-0.74,1.05,0.54,1.40,6786.01,42.69,IMBALANCE_SPEED2
942,102788,0.28,0.32,1.18,1.25,7091.29,42.69,IMBALANCE_SPEED2
943,102888,-0.92,1.68,0.65,2.03,6816.01,42.69,IMBALANCE_SPEED2
944,102988,0.12,-0.00,-0.00,0.12,6289.02,42.69,IMBALANCE_SPEED2
945,103087,0.38,-1.96,-0.52,2.06,6501.41,42.69,IMBALANCE_SPEED2
946,103258,-0.24,1.19,0.89,1.50,7019.77,42.69,IMBALANCE_SPEED2
947,103358,0.08,-0.00,-0.00,0.08,7084.44,42.69,IMBALANCE_SPEED2
948,103457,0.38,-1.96,-0.52,2.06,6242.02,42.69,IMBALANCE_SPEED2
949,103558,-0.46,1.00,-0.00,1.10,6763.21,42.69,IMBALANCE_SPEED2
950,103657,0.38,-1.96,-0.52,2.06,6603.68,42.69,IMBALANCE_SPEED2
951,103758,-0.87,1.36,0.55,1.71,6105.31,42.69,IMBALANCE_SPEED2
952,103858,0.27,-0.01,0.97,1.00,6463.23,42.69,IMBALANCE_SPEED2
953,103958,0.12,-1.41,1.52,2.08,6277.20,42.69,IMBALANCE_SPEED2
954,104058,0.00,0.73,1.02,1.25,6399.86,42.69,IMBALANCE_SPEED2
955,104158,1.77,-0.04,1.34,2.23,6589.10,42.69,IMBALANCE_SPEED2
956,104258,0.47,-0.00,-0.00,0.47,6371.21,42.69,IMBALANCE_SPEED2
957,104358,0.20,1.66,0.37,1.72,6780.04,42.69,IMBALANCE_SPEED2
958,104458,0.41,-0.60,1.50,1.67,6613.00,42.69,IMBALANCE_SPEED2
959,104558,-1.40,1.18,1.16,2.17,6227.90,42.69,IMBALANCE_SPEED2
960,104658,-0.44,1.72,0.56,1.86,6530.38,42.69,IMBALANCE_SPEED2
961,104758,-0.27,-0.00,-0.00,0.27,6649.94,42.69,IMBALANCE_SPEED2
962,104857,0.38,-1.96,-0.52,2.06,6486.81,42.69,IMBALANCE_SPEED2
963,104958,0.38,0.49,0.99,1.17,6856.58,42.69,IMBALANCE_SPEED2
964,105058,0.57,-0.00,-0.00,0.57,6193.45,42.69,IMBALANCE_SPEED2
965,105158,-0.19,0.70,1.01,1.24,6439.29,42.69,IMBALANCE_SPEED2
966,105258,1.97,-0.37,1.28,2.38,6595.77,42.69,IMBALANCE_SPEED2
967,105358,-0.18,1.06,1.00,1.47,6364.16,42.69,IMBALANCE_SPEED2
968,105458,-0.26,2.00,-0.00,2.02,7018.90,42.69,IMBALANCE_SPEED2
969,105558,-0.28,0.62,1.30,1.47,6791.22,42.69,IMBALANCE_SPEED2
970,105658,-1.85,0.91,0.94,2.27,6236.68,42.69,IMBALANCE_SPEED2
971,105758,-0.66,-0.00,-0.00,0.66,6671.06,42.69,IMBALANCE_SPEED2
972,105858,-0.41,0.19,1.56,1.63,6798.82,42.69,IMBALANCE_SPEED2
973,105958,-0.21,1.49,0.76,1.69,5895.95,42.69,IMBALANCE_SPEED2
974,106058,1.27,-0.00,-0.00,1.27,6206.91,42.69,IMBALANCE_SPEED2
975,106158,0.34,-1.06,1.44,1.82,6504.62,42.69,IMBALANCE_SPEED2
976,106258,0.07,0.62,0.90,1.10,6201.05,42.69,IMBALANCE_SPEED2
977,106358,1.40,-0.00,-0.00,1.40,6794.79,42.69,IMBALANCE_SPEED2
978,106458,-0.23,0.33,0.97,1.05,6489.52,42.69,IMBALANCE_SPEED2
979,106558,0.40,1.73,0.27,1.79,6831.84,42.69,IMBALANCE_SPEED2
980,106658,0.37,-0.00,-0.00,0.37,6960.66,42.69,IMBALANCE_SPEED2
981,106758,-1.43,0.63,1.08,1.90,6635.83,42.69,IMBALANCE_SPEED2
982,106858,-0.56,-0.01,0.94,1.09,7092.10,42.69,IMBALANCE_SPEED2
983,106958,0.00,-0.66,1.53,1.67,7191.13,42.69,IMBALANCE_SPEED2
984,107058,-0.54,1.56,0.72,1.80,5389.05,42.69,IMBALANCE_SPEED2
985,107158,1.17,0.61,1.04,1.68,6493.71,42.69,IMBALANCE_SPEED2
986,107258,0.60,-1.23,1.36,1.93,7104.89,42.69,IMBALANCE_SPEED2
987,107358,-0.18,0.39,0.98,1.07,7226.31,42.69,IMBALANCE_SPEED2
988,107458,1.38,-0.19,1.33,1.92,6256.53,42.69,IMBALANCE_SPEED2
989,107558,0.34,-0.32,0.91,1.03,6401.95,42.69,IMBALANCE_SPEED2
990,107658,0.49,1.54,0.29,1.64,6821.52,42.69,IMBALANCE_SPEED2
991,107758,0.36,-0.29,1.31,1.39,7101.31,42.69,IMBALANCE_SPEED2
992,107858,-1.27,-0.00,-0.00,1.27,5784.53,42.69,IMBALANCE_SPEED2
993,107957,0.38,-1.96,-0.52,2.06,6992.99,42.69,IMBALANCE_SPEED2
994,108058,0.44,0.31,1.22,1.34,7177.63,42.69,IMBALANCE_SPEED2
995,108158,-0.63,-0.00,-0.00,0.63,6903.96,42.69,IMBALANCE_SPEED2
996,108258,-0.31,-0.20,1.01,1.07,6862.08,42.69,IMBALANCE_SPEED2
997,108358,0.09,-1.44,1.64,2.19,6234.90,42.69,IMBALANCE_SPEED2
998,108458,-0.57,1.36,0.83,1.69,6138.57,42.69,IMBALANCE_SPEED2
999,108558,2.00,-0.00,-0.00,2.00,6602.21,42.69,IMBALANCE_SPEED2
1000,108657,0.38,-1.96,-0.52,2.06,6821.01,42.69,IMBALANCE_SPEED2
1001,108857,0.16,0.55,0.94,1.10,6396.30,42.69,IMBALANCE_SPEED2
1002,108957,0.38,-1.96,-0.52,2.06,6143.92,42.69,IMBALANCE_SPEED2
1003,109058,0.44,1.41,0.45,1.54,7263.38,42.69,IMBALANCE_SPEED2
1004,109158,0.45,-0.72,1.30,1.55,6634.67,42.69,IMBALANCE_SPEED2
1005,109258,-0.98,-0.00,-0.00,0.98,6406.57,42.69,IMBALANCE_SPEED2
1006,109358,-0.30,1.05,0.55,1.23,6181.74,42.69,IMBALANCE_SPEED2
1007,109458,0.13,0.34,1.17,1.22,6704.84,42.69,IMBALANCE_SPEED2
1008,109558,-1.73,-0.00,-0.00,1.73,6153.44,42.69,IMBALANCE_SPEED2
1009,109657,0.38,-1.96,-0.52,2.06,6904.71,42.69,IMBALANCE_SPEED2
1010,109758,-0.38,-0.07,1.56,1.61,6952.06,42.69,IMBALANCE_SPEED2
1011,109858,-1.41,1.61,0.75,2.27,5730.60,42.69,IMBALANCE_SPEED2
1012,109958,-0.53,-0.00,-0.00,0.53,6646.78,42.69,IMBALANCE_SPEED2
1013,110057,0.38,-1.96,-0.52,2.06,6881.85,42.69,IMBALANCE_SPEED2
1014,110257,-0.80,1.07,0.95,1.63,6510.28,42.69,IMBALANCE_SPEED2
1015,110357,0.38,-1.96,-0.52,2.06,6690.39,42.69,IMBALANCE_SPEED2
1016,110458,-0.69,-0.00,-0.00,0.69,6849.33,42.69,IMBALANCE_SPEED2
1017,110558,1.59,0.05,1.30,2.05,7203.68,42.69,IMBALANCE_SPEED2
1018,110658,0.86,-0.36,1.17,1.50,6725.15,42.69,IMBALANCE_SPEED2
1019,110758,0.06,0.81,0.69,1.07,6829.31,42.69,IMBALANCE_SPEED2
1020,110858,0.88,-0.00,-0.00,0.88,6660.37,42.69,IMBALANCE_SPEED2
1021,110957,0.38,-1.96,-0.52,2.06,6366.47,42.69,IMBALANCE_SPEED2
1022,111058,-0.40,2.00,0.06,2.04,6781.44,42.69,IMBALANCE_SPEED2
1023,111158,0.06,-0.76,1.33,1.53,7133.25,42.69,IMBALANCE_SPEED2
1024,111258,-1.35,-0.00,-0.00,1.35,5656.96,42.69,IMBALANCE_SPEED2
1025,111357,0.38,-1.96,-0.52,2.06,6810.09,42.69,IMBALANCE_SPEED2
1026,111458,0.32,0.32,1.24,1.32,6534.92,42.69,IMBALANCE_SPEED2
1027,112229,-1.71,-0.00,-0.00,1.71,6291.01,42.56,IMBALANCE_SPEED2
1028,112327,0.38,-1.96,-0.52,2.06,6476.54,42.56,IMBALANCE_SPEED2
1029,112428,-1.09,0.82,0.75,1.56,6444.87,42.56,IMBALANCE_SPEED2
1030,112528,-0.73,-0.00,-0.00,0.73,7149.77,42.56,IMBALANCE_SPEED2
1031,112627,0.38,-1.96,-0.52,2.06,6297.06,42.56,IMBALANCE_SPEED2
1032,112827,-1.54,1.70,0.78,2.42,7258.63,42.56,IMBALANCE_SPEED2
1033,112927,0.38,-1.96,-0.52,2.06,6259.20,42.56,IMBALANCE_SPEED2
1034,113028,-0.25,-0.00,-0.00,0.25,5752.93,42.56,IMBALANCE_SPEED2
1035,113128,1.39,0.29,1.24,1.88,6527.02,42.56,IMBALANCE_SPEED2
1036,113228,0.75,-0.37,1.11,1.39,6546.29,42.56,IMBALANCE_SPEED2
1037,113328,0.26,-0.00,-0.00,0.26,6183.57,42.56,IMBALANCE_SPEED2
1038,113427,0.38,-1.96,-0.52,2.06,6030.86,42.56,IMBALANCE_SPEED2
1039,113528,-0.25,-0.18,1.02,1.06,6233.02,42.56,IMBALANCE_SPEED2
1040,113628,-0.01,-0.00,-0.00,0.01,6948.58,42.56,IMBALANCE_SPEED2
1041,113727,0.38,-1.96,-0.52,2.06,7103.37,42.56,IMBALANCE_SPEED2
1042,113828,-1.88,1.61,0.85,2.61,6533.26,42.56,IMBALANCE_SPEED2
1043,113928,-0.71,-0.00,-0.00,0.71,6785.08,42.56,IMBALANCE_SPEED2
1044,114027,0.38,-1.96,-0.52,2.06,6920.54,42.56,IMBALANCE_SPEED2
1045,114128,-0.86,1.84,0.65,2.13,6722.23,42.56,IMBALANCE_SPEED2
1046,114228,1.33,0.59,1.04,1.79,6919.77,42.56,IMBALANCE_SPEED2
1047,114328,0.23,-0.00,-0.00,0.23,7009.58,42.56,IMBALANCE_SPEED2
1048,114427,0.38,-1.96,-0.52,2.06,6985.03,42.56,IMBALANCE_SPEED2
1049,114528,1.55,0.28,1.43,2.12,6988.07,42.56,IMBALANCE_SPEED2
1050,114628,0.46,0.23,1.06,1.18,6741.65,42.56,IMBALANCE_SPEED2
1051,114728,0.13,1.90,0.41,1.94,7385.61,42.56,IMBALANCE_SPEED2
1052,114828,0.69,-0.60,1.37,1.65,6624.56,42.56,IMBALANCE_SPEED2
1053,114928,-0.75,-0.00,-0.00,0.75,6281.77,42.56,IMBALANCE_SPEED2
1054,115028,-0.18,1.27,0.50,1.38,7016.86,42.56,IMBALANCE_SPEED2
1055,115128,0.78,0.66,1.21,1.58,6989.07,42.56,IMBALANCE_SPEED2
1056,115228,-1.54,-0.00,-0.00,1.54,6245.63,42.56,IMBALANCE_SPEED2
1057,115327,0.38,-1.96,-0.52,2.06,6583.89,42.56,IMBALANCE_SPEED2
1058,115527,-0.38,-0.77,1.78,1.98,6514.54,42.56,IMBALANCE_SPEED2
1059,115627,0.38,-1.96,-0.52,2.06,6893.78,42.56,IMBALANCE_SPEED2
1060,115728,0.40,-0.00,-0.00,0.40,6738.67,42.56,IMBALANCE_SPEED2
1061,115828,0.00,0.43,0.99,1.08,6769.89,42.56,IMBALANCE_SPEED2
1062,115928,1.74,-0.00,1.48,2.28,6915.38,42.56,IMBALANCE_SPEED2
1063,116027,0.38,-1.96,-0.52,2.06,6616.81,42.56,IMBALANCE_SPEED2
1064,116127,0.38,-1.96,-0.52,2.06,6500.83,42.56,IMBALANCE_SPEED2
1065,116228,0.37,-0.48,1.37,1.50,6913.39,42.56,IMBALANCE_SPEED2
1066,116328,-1.08,-0.00,-0.00,1.08,6051.12,42.56,IMBALANCE_SPEED2
1067,116428,-0.47,1.18,0.60,1.40,7471.07,42.56,IMBALANCE_SPEED2
1068,116627,0.56,0.99,1.24,1.68,6554.14,42.56,IMBALANCE_SPEED2
1069,116727,0.38,-1.96,-0.52,2.06,7053.39,42.56,IMBALANCE_SPEED2
1070,116828,-0.15,-0.00,-0.00,0.15,6877.76,42.56,IMBALANCE_SPEED2
1071,116928,-1.22,1.94,0.65,2.38,6334.49,42.56,IMBALANCE_SPEED2
1072,117028,0.34,0.14,0.87,0.95,6713.83,42.56,IMBALANCE_SPEED2
1073,117128,0.20,-0.00,-0.00,0.20,6364.83,42.56,IMBALANCE_SPEED2
1074,117227,0.38,-1.96,-0.52,2.06,6255.67,42.56,IMBALANCE_SPEED2
1075,117327,0.38,-1.96,-0.52,2.06,6586.32,42.56,IMBALANCE_SPEED2
1076,117428,1.01,-0.80,1.25,1.79,6546.74,42.56,IMBALANCE_SPEED2
1077,117527,0.38,-1.96,-0.52,2.06,7346.76,42.56,IMBALANCE_SPEED2
1078,117628,1.94,-0.51,1.34,2.41,6248.99,42.56,IMBALANCE_SPEED2
1079,117728,-0.04,-0.00,-0.00,0.04,6157.58,42.56,IMBALANCE_SPEED2
1080,117827,0.38,-1.96,-0.52,2.06,6961.77,42.56,IMBALANCE_SPEED2
1081,118027,0.76,0.35,1.29,1.53,6232.92,42.56,IMBALANCE_SPEED2
1082,118127,0.38,-1.96,-0.52,2.06,7094.35,42.56,IMBALANCE_SPEED2
1083,118228,0.56,-0.00,-0.00,0.56,7399.93,42.56,IMBALANCE_SPEED2
1084,118328,-1.75,1.54,0.73,2.44,6461.87,42.56,IMBALANCE_SPEED2
1085,118428,-0.71,0.44,0.77,1.14,7255.44,42.56,IMBALANCE_SPEED2
1086,118528,-0.20,0.06,1.84,1.85,7208.28,42.56,IMBALANCE_SPEED2
1087,118628,-1.35,-0.00,-0.00,1.35,6633.73,42.56,IMBALANCE_SPEED2
1088,118727,0.38,-1.96,-0.52,2.06,6987.15,42.56,IMBALANCE_SPEED2
1089,118927,-0.19,-0.87,1.94,2.13,6799.00,42.56,IMBALANCE_SPEED2
1090,119027,0.38,-1.96,-0.52,2.06,6929.21,42.56,IMBALANCE_SPEED2
1091,119128,0.83,-0.00,-0.00,0.83,6510.31,42.56,IMBALANCE_SPEED2
1092,119228,-0.38,0.42,0.92,1.08,7038.70,42.56,IMBALANCE_SPEED2
1093,119328,1.42,-0.22,1.47,2.06,7287.33,42.56,IMBALANCE_SPEED2
1094,119428,0.60,0.13,1.12,1.28,6526.47,42.56,IMBALANCE_SPEED2
1095,119528,0.22,-0.00,-0.00,0.22,6965.72,42.56,IMBALANCE_SPEED2
1096,119627,0.38,-1.96,-0.52,2.06,6598.97,42.56,IMBALANCE_SPEED2
1097,119827,-1.15,0.72,1.05,1.72,6754.97,42.56,IMBALANCE_SPEED2
1098,119927,0.38,-1.96,-0.52,2.06,6788.20,42.56,IMBALANCE_SPEED2
1099,120028,-1.68,-0.00,-0.00,1.68,6430.64,42.56,IMBALANCE_SPEED2
1100,120128,-0.98,1.46,0.30,1.78,6534.78,42.56,IMBALANCE_SPEED2
1101,120327,0.25,0.33,1.44,1.49,6426.32,42.56,IMBALANCE_SPEED2
1102,120427,0.38,-1.96,-0.52,2.06,6736.73,42.56,IMBALANCE_SPEED2
1103,120528,-0.23,-0.85,1.85,2.05,7333.23,42.56,IMBALANCE_SPEED2
1104,120628,-0.40,-0.00,-0.00,0.40,6811.16,42.56,IMBALANCE_SPEED2
1105,120728,1.05,0.35,0.93,1.45,6793.24,42.56,IMBALANCE_SPEED2
1106,120828,0.72,-0.82,1.37,1.76,6895.72,42.56,IMBALANCE_SPEED2
1107,120928,-0.30,-0.00,-0.00,0.30,6870.26,42.56,IMBALANCE_SPEED2
1108,121027,0.38,-1.96,-0.52,2.06,6939.33,42.56,IMBALANCE_SPEED2
1109,121128,0.93,-0.36,1.15,1.53,7249.45,42.56,IMBALANCE_SPEED2
1110,121228,0.68,-0.00,-0.00,0.68,6701.04,42.56,IMBALANCE_SPEED2
1111,121327,0.38,-1.96,-0.52,2.06,7183.03,42.56,IMBALANCE_SPEED2
1112,121527,-0.75,-0.25,1.05,1.32,7613.91,42.56,IMBALANCE_SPEED2
1113,122299,0.38,-1.96,-0.52,2.06,7404.25,42.44,IMBALANCE_SPEED2
1114,122398,0.61,1.34,0.35,1.51,6493.52,42.44,IMBALANCE_SPEED2
1115,122497,0.38,-1.96,-0.52,2.06,6909.43,42.44,IMBALANCE_SPEED2
1116,122598,-1.01,0.37,0.95,1.44,6136.89,42.44,IMBALANCE_SPEED2
1117,122698,-0.93,-0.00,-0.00,0.93,6885.22,42.44,IMBALANCE_SPEED2
1118,122797,0.38,-1.96,-0.52,2.06,6852.99,42.44,IMBALANCE_SPEED2
1119,122997,-1.79,1.11,0.82,2.26,6806.70,42.44,IMBALANCE_SPEED2
1120,123097,0.38,-1.96,-0.52,2.06,6210.37,42.44,IMBALANCE_SPEED2
1121,123198,-1.58,1.79,0.85,2.53,6498.94,42.44,IMBALANCE_SPEED2
1122,123298,-0.22,0.54,0.96,1.12,6687.23,42.44,IMBALANCE_SPEED2
1123,123398,-0.60,-0.00,-0.00,0.60,6989.56,42.44,IMBALANCE_SPEED2
1124,123497,0.38,-1.96,-0.52,2.06,6809.71,42.44,IMBALANCE_SPEED2
1125,123697,0.62,0.47,0.95,1.23,6446.41,42.44,IMBALANCE_SPEED2
1126,123797,0.38,-1.96,-0.52,2.06,6568.75,42.44,IMBALANCE_SPEED2
1127,123898,1.45,-0.00,-0.00,1.45,7030.92,42.44,IMBALANCE_SPEED2
1128,123997,0.38,-1.96,-0.52,2.06,6407.36,42.44,IMBALANCE_SPEED2
1129,124098,-0.24,0.27,0.90,0.97,7250.37,42.44,IMBALANCE_SPEED2
1130,124198,1.12,-0.00,-0.00,1.12,6576.90,42.44,IMBALANCE_SPEED2
1131,124297,0.38,-1.96,-0.52,2.06,6593.69,42.44,IMBALANCE_SPEED2
1132,124398,0.60,1.13,0.34,1.32,6820.47,42.44,IMBALANCE_SPEED2
1133,124498,0.87,-0.89,1.23,1.75,6964.80,42.44,IMBALANCE_SPEED2
1134,124598,-0.25,-0.00,-0.00,0.25,6430.38,42.44,IMBALANCE_SPEED2
1135,124697,0.38,-1.96,-0.52,2.06,6689.74,42.44,IMBALANCE_SPEED2
1136,124798,0.36,0.05,1.16,1.21,6949.34,42.44,IMBALANCE_SPEED2
1137,124898,-0.88,-0.00,-0.00,0.88,6150.31,42.44,IMBALANCE_SPEED2
1138,124998,-0.36,0.95,0.35,1.07,7597.30,42.44,IMBALANCE_SPEED2
1139,125197,0.44,0.55,1.19,1.38,6087.87,42.44,IMBALANCE_SPEED2
1140,125297,0.38,-1.96,-0.52,2.06,7384.49,42.44,IMBALANCE_SPEED2
1141,125398,0.17,-0.00,-0.00,0.17,6703.73,42.44,IMBALANCE_SPEED2
1142,125497,0.38,-1.96,-0.52,2.06,6753.02,42.44,IMBALANCE_SPEED2
1143,125598,-0.61,0.45,1.11,1.34,7539.16,42.44,IMBALANCE_SPEED2
1144,125698,-0.60,-0.00,-0.00,0.60,6848.49,42.44,IMBALANCE_SPEED2
1145,125797,0.38,-1.96,-0.52,2.06,7588.84,42.44,IMBALANCE_SPEED2
1146,125997,0.17,0.46,1.12,1.22,7137.42,42.44,IMBALANCE_SPEED2
1147,126097,0.38,-1.96,-0.52,2.06,7014.12,42.44,IMBALANCE_SPEED2
1148,126198,1.32,0.83,1.13,1.92,7320.93,42.44,IMBALANCE_SPEED2
1149,126298,0.78,-0.00,-0.00,0.78,6946.39,42.44,IMBALANCE_SPEED2
1150,126397,0.38,-1.96,-0.52,2.06,6960.11,42.44,IMBALANCE_SPEED2
1151,126498,1.80,0.26,1.24,2.21,6803.87,42.44,IMBALANCE_SPEED2
1152,126598,1.03,-0.97,1.22,1.87,7017.58,42.44,IMBALANCE_SPEED2
1153,126698,-0.28,-0.00,-0.00,0.28,6573.76,42.44,IMBALANCE_SPEED2
1154,126797,0.38,-1.96,-0.52,2.06,6963.94,42.44,IMBALANCE_SPEED2
1155,126898,0.74,-0.47,1.06,1.38,6705.42,42.44,IMBALANCE_SPEED2
1156,126998,-0.15,-0.00,-0.00,0.15,7257.36,42.44,IMBALANCE_SPEED2
1157,127097,0.38,-1.96,-0.52,2.06,7467.30,42.44,IMBALANCE_SPEED2
1158,127198,0.54,-0.26,1.05,1.21,6330.32,42.44,IMBALANCE_SPEED2
1159,127298,0.21,-0.00,-0.00,0.21,7264.35,42.44,IMBALANCE_SPEED2
1160,127397,0.38,-1.96,-0.52,2.06,7025.36,42.44,IMBALANCE_SPEED2
1161,127597,-0.25,0.14,1.06,1.09,7247.86,42.44,IMBALANCE_SPEED2
1162,127697,0.38,-1.96,-0.52,2.06,7015.70,42.44,IMBALANCE_SPEED2
1163,127798,-0.15,0.13,1.06,1.08,6986.07,42.44,IMBALANCE_SPEED2
1164,127898,0.45,-0.00,-0.00,0.45,7070.62,42.44,IMBALANCE_SPEED2
1165,127997,0.38,-1.96,-0.52,2.06,7287.63,42.44,IMBALANCE_SPEED2
1166,128197,0.13,-0.00,1.06,1.07,7670.14,42.44,IMBALANCE_SPEED2
1167,128297,0.38,-1.96,-0.52,2.06,6728.61,42.44,IMBALANCE_SPEED2
1168,128398,-0.26,0.14,1.05,1.09,5849.43,42.44,IMBALANCE_SPEED2
1169,128498,0.27,1.70,0.51,1.80,7404.75,42.44,IMBALANCE_SPEED2
1170,128598,1.21,-0.66,1.16,1.80,6846.20,42.44,IMBALANCE_SPEED2
1171,128698,0.17,-0.00,-0.00,0.17,6735.19,42.44,IMBALANCE_SPEED2
1172,128797,0.38,-1.96,-0.52,2.06,7277.69,42.44,IMBALANCE_SPEED2
1173,128898,1.48,-0.71,1.19,2.03,6648.98,42.44,IMBALANCE_SPEED2
1174,128998,0.03,-0.00,-0.00,0.03,6746.72,42.44,IMBALANCE_SPEED2
1175,129097,0.38,-1.96,-0.52,2.06,7252.38,42.44,IMBALANCE_SPEED2
1176,129198,1.42,-0.69,1.19,1.98,7256.36,42.44,IMBALANCE_SPEED2
1177,129298,0.51,-0.00,-0.00,0.51,6528.42,42.44,IMBALANCE_SPEED2
1178,129397,0.38,-1.96,-0.52,2.06,7996.39,42.44,IMBALANCE_SPEED2
1179,129498,1.57,-0.58,1.27,2.10,7408.18,42.44,IMBALANCE_SPEED2
1180,129598,0.38,-0.00,-0.00,0.38,6530.93,42.44,IMBALANCE_SPEED2
1181,129698,-0.13,1.34,0.64,1.49,7415.88,42.44,IMBALANCE_SPEED2
1182,129798,1.56,-0.68,1.21,2.09,7217.86,42.44,IMBALANCE_SPEED2
1183,129898,0.72,-0.39,1.17,1.43,6157.72,42.44,IMBALANCE_SPEED2
1184,129998,-0.01,-0.00,-0.00,0.01,7231.15,42.44,IMBALANCE_SPEED2
1185,130097,0.38,-1.96,-0.52,2.06,7101.11,42.44,IMBALANCE_SPEED2
1186,130198,0.93,-1.19,-0.00,1.51,6426.54,42.44,IMBALANCE_SPEED2
1187,130297,0.38,-1.96,-0.52,2.06,7082.91,42.44,IMBALANCE_SPEED2
1188,130497,1.75,-0.13,1.32,2.19,6907.56,42.44,IMBALANCE_SPEED2
1189,130597,0.38,-1.96,-0.52,2.06,7743.49,42.44,IMBALANCE_SPEED2
1190,130697,0.38,-1.96,-0.52,2.06,7317.59,42.44,IMBALANCE_SPEED2
1191,130797,0.38,-1.96,-0.52,2.06,6601.11,42.44,IMBALANCE_SPEED2
1192,130898,-0.27,-0.00,-0.00,0.27,7034.64,42.44,IMBALANCE_SPEED2
1193,130997,0.38,-1.96,-0.52,2.06,7008.84,42.44,IMBALANCE_SPEED2
1194,131097,0.38,-1.96,-0.52,2.06,6277.96,42.44,IMBALANCE_SPEED2
1195,131198,0.50,1.07,0.68,1.37,7560.85,42.44,IMBALANCE_SPEED2
1196,131298,0.98,0.00,1.21,1.56,7435.06,42.44,IMBALANCE_SPEED2
1197,131398,0.41,-0.63,1.16,1.39,6316.22,42.44,IMBALANCE_SPEED2
1198,131498,0.35,0.80,0.85,1.21,6564.55,42.44,IMBALANCE_SPEED2
1199,131598,0.84,-0.00,-0.00,0.84,6556.35,42.44,IMBALANCE_SPEED2
1200,132369,0.38,-1.96,-0.52,2.06,6316.12,42.38,IMBALANCE_SPEED2
1201,132468,0.37,-0.16,1.20,1.27,6839.76,42.38,IMBALANCE_SPEED2
1202,132568,-0.35,0.72,0.94,1.24,7290.58,42.38,IMBALANCE_SPEED2
1203,132668,0.16,0.60,0.80,1.01,11599.20,42.38,IMBALANCE_SPEED2
1204,132768,-0.08,0.27,0.12,0.31,8041.09,42.38,IMBALANCE_SPEED2
1205,132868,-0.01,0.31,1.06,1.10,6192.01,42.38,IMBALANCE_SPEED2
1206,132968,0.07,0.77,0.96,1.23,6365.71,42.38,IMBALANCE_SPEED2
1207,133068,0.09,0.81,0.99,1.28,6824.08,42.38,IMBALANCE_SPEED2
1208,133168,0.23,0.30,1.04,1.11,6670.67,42.38,IMBALANCE_SPEED2
1209,133268,0.19,-0.05,1.14,1.16,6429.01,42.38,IMBALANCE_SPEED2
1210,133368,-0.75,0.90,0.12,1.18,6399.35,42.38,IMBALANCE_SPEED2
1211,133468,0.08,0.66,0.80,1.04,6815.33,42.38,IMBALANCE_SPEED2
1212,133568,0.56,-0.00,-0.00,0.56,7075.72,42.38,IMBALANCE_SPEED2
1213,133668,-0.13,-0.00,-0.00,0.13,6923.95,42.38,IMBALANCE_SPEED2
1214,133768,-0.07,0.25,-0.00,0.26,6481.80,42.38,IMBALANCE_SPEED2
1215,133868,0.09,0.70,-0.00,0.71,6534.29,42.38,IMBALANCE_SPEED2
1216,133968,0.34,0.42,1.09,1.21,5724.71,42.38,IMBALANCE_SPEED2
1217,134068,0.15,-0.06,1.20,1.21,5796.69,42.38,IMBALANCE_SPEED2
1218,134168,-0.03,-0.00,-0.00,0.03,5398.14,42.38,IMBALANCE_SPEED2
1219,134268,-0.25,-0.00,-0.00,0.25,5553.37,42.38,IMBALANCE_SPEED2
1220,134368,0.01,0.52,0.75,0.91,4946.94,42.38,IMBALANCE_SPEED2
1221,134468,0.03,0.04,1.11,1.11,4523.35,42.38,IMBALANCE_SPEED2
1222,134568,0.16,-0.00,-0.00,0.16,4364.11,42.38,IMBALANCE_SPEED2
1223,134668,0.09,0.71,0.90,1.15,4153.52,42.38,IMBALANCE_SPEED2
1224,134768,-0.05,-0.00,-0.00,0.05,3851.12,42.38,IMBALANCE_SPEED2
1225,134868,-0.00,-0.00,-0.00,0.00,3874.22,42.38,IMBALANCE_SPEED2
1226,134968,0.15,0.24,1.16,1.19,3679.20,42.38,IMBALANCE_SPEED2
1227,135068,-0.10,0.37,0.98,1.05,3474.88,42.38,IMBALANCE_SPEED2
1228,135168,-0.09,0.50,0.12,0.53,3210.56,42.38,IMBALANCE_SPEED2
1229,135268,0.02,0.48,0.90,1.01,2860.67,42.38,IMBALANCE_SPEED2
1230,135368,0.03,0.51,0.12,0.53,3045.48,42.38,IMBALANCE_SPEED2
1231,135468,0.03,0.48,0.92,1.04,2815.16,42.38,IMBALANCE_SPEED2
1232,135568,-0.09,-0.00,-0.00,0.09,2798.24,42.38,IMBALANCE_SPEED2
1233,135668,0.05,0.37,1.05,1.12,2916.39,42.38,IMBALANCE_SPEED2
1234,135768,0.06,-0.00,-0.00,0.06,2569.34,42.38,IMBALANCE_SPEED2
1235,135868,0.08,0.33,1.14,1.19,2209.54,42.38,IMBALANCE_SPEED2
1236,135968,-0.01,0.44,1.10,1.18,2029.54,42.38,IMBALANCE_SPEED2
1237,136068,0.09,0.42,0.99,1.08,2002.92,42.38,IMBALANCE_SPEED2
1238,136168,-0.03,-0.00,-0.00,0.03,2023.00,42.38,IMBALANCE_SPEED2
1239,136268,-0.22,-0.00,-0.00,0.22,2278.79,42.38,IMBALANCE_SPEED2
1240,136368,-0.09,0.25,-0.00,0.27,1928.33,42.38,IMBALANCE_SPEED2
1241,136468,-0.03,-0.00,-0.00,0.03,1907.79,42.38,IMBALANCE_SPEED2
1242,136568,0.00,-0.00,-0.00,0.00,1808.62,42.38,IMBALANCE_SPEED2
1243,136668,-0.13,-0.00,-0.00,0.13,1591.16,42.38,IMBALANCE_SPEED2
1244,136768,0.10,-0.00,-0.00,0.10,1829.47,42.38,IMBALANCE_SPEED2
1245,136868,-0.06,-0.00,-0.00,0.06,1488.69,42.38,IMBALANCE_SPEED2
1246,136968,0.06,0.25,-0.00,0.26,1624.49,42.38,IMBALANCE_SPEED2
1247,137068,-0.05,0.39,-0.00,0.39,1379.65,42.38,IMBALANCE_SPEED2
1248,137168,0.09,0.25,-0.00,0.27,1519.40,42.38,IMBALANCE_SPEED2
1249,137268,-0.03,-0.00,-0.00,0.03,1132.54,42.38,IMBALANCE_SPEED2
1250,137368,-0.00,0.48,1.00,1.12,1200.67,42.38,IMBALANCE_SPEED2
1251,137468,0.01,0.30,1.05,1.09,1296.21,42.38,IMBALANCE_SPEED2
1252,137568,0.04,0.42,0.12,0.44,1101.70,42.38,IMBALANCE_SPEED2
1253,137668,0.07,0.44,1.03,1.12,1069.02,42.38,IMBALANCE_SPEED2
1254,137768,0.03,0.28,0.12,0.31,1108.66,42.38,IMBALANCE_SPEED2
1255,137868,0.02,0.38,1.02,1.09,966.74,42.38,IMBALANCE_SPEED2
1256,137968,0.03,-0.00,-0.00,0.03,1135.91,42.38,IMBALANCE_SPEED2
1257,138068,0.01,0.32,2.00,2.03,1100.98,42.38,IMBALANCE_SPEED2
1258,138168,-0.03,-0.00,-0.00,0.03,1103.31,42.38,IMBALANCE_SPEED2
1259,138268,0.00,0.42,1.02,1.10,951.78,42.38,IMBALANCE_SPEED2
1260,138368,-0.01,-0.00,-0.00,0.01,883.63,42.38,IMBALANCE_SPEED2
1261,138468,0.02,0.37,-0.00,0.37,835.53,42.38,IMBALANCE_SPEED2
1262,138568,0.01,-0.00,-0.00,0.01,784.12,42.38,IMBALANCE_SPEED2
1263,138668,0.04,0.35,1.04,1.10,812.61,42.38,IMBALANCE_SPEED2
1264,138768,0.07,-0.00,-0.00,0.07,673.89,42.38,IMBALANCE_SPEED2
1265,138868,-0.00,-0.00,-0.00,0.00,644.63,42.38,IMBALANCE_SPEED2
1266,138968,0.02,0.46,1.01,1.11,802.08,42.38,IMBALANCE_SPEED2
1267,139068,-0.01,0.44,1.01,1.11,695.92,42.38,IMBALANCE_SPEED2
1268,139168,0.00,0.42,0.12,0.44,760.80,42.38,IMBALANCE_SPEED2
1269,139268,-0.02,0.42,1.02,1.11,722.81,42.38,IMBALANCE_SPEED2
1270,139368,-0.03,-0.00,-0.00,0.03,586.52,42.38,IMBALANCE_SPEED2
1271,139468,-0.03,-0.00,-0.00,0.03,593.21,42.38,IMBALANCE_SPEED2
1272,139568,-0.01,0.37,1.05,1.11,698.95,42.38,IMBALANCE_SPEED2
1273,139668,-0.01,0.37,1.04,1.11,391.71,42.38,IMBALANCE_SPEED2
1274,139768,-0.02,0.36,0.12,0.38,374.89,42.38,IMBALANCE_SPEED2
1275,139868,-0.01,0.36,1.03,1.09,520.94,42.38,IMBALANCE_SPEED2
1276,139968,-0.00,-0.00,-0.00,0.00,298.24,42.38,IMBALANCE_SPEED2
1277,140068,-0.03,-0.00,-0.00,0.03,612.23,42.38,IMBALANCE_SPEED2
1278,140168,-0.03,0.43,1.02,1.11,460.27,42.38,IMBALANCE_SPEED2
1279,140268,-0.02,0.43,1.01,1.10,276.72,42.38,IMBALANCE_SPEED2
1280,140368,-0.03,-0.00,-0.00,0.03,246.95,42.38,IMBALANCE_SPEED2
1281,140468,-0.03,-0.00,-0.00,0.03,457.80,42.38,IMBALANCE_SPEED2
1282,140568,0.00,0.37,1.03,1.09,344.05,42.38,IMBALANCE_SPEED2
1283,140668,0.02,0.35,1.03,1.09,276.96,42.38,IMBALANCE_SPEED2
1284,140768,0.06,-0.00,-0.00,0.06,276.11,42.38,IMBALANCE_SPEED2
1285,140868,0.02,0.37,-0.00,0.37,583.16,42.38,IMBALANCE_SPEED2
1286,140968,-0.00,-0.00,-0.00,0.00,314.89,42.38,IMBALANCE_SPEED2
1287,141068,-0.00,-0.00,-0.00,0.00,329.82,42.38,IMBALANCE_SPEED2
1288,141168,-0.02,-0.00,-0.00,0.02,229.87,42.38,IMBALANCE_SPEED2
1289,141268,0.01,0.36,1.03,1.10,265.65,42.38,IMBALANCE_SPEED2
1290,141368,0.02,-0.00,-0.00,0.02,218.28,42.38,IMBALANCE_SPEED2
1291,141468,0.01,0.40,-0.00,0.40,231.02,42.38,IMBALANCE_SPEED2
1292,141568,-0.00,-0.00,-0.00,0.00,194.82,42.38,IMBALANCE_SPEED2
1293,141668,0.00,0.36,-0.00,0.36,394.31,42.38,IMBALANCE_SPEED2
1294,142439,-0.00,0.25,-0.00,0.25,332.73,42.44,IMBALANCE_SPEED2
1295,142538,0.02,0.44,1.01,1.10,129.91,42.44,IMBALANCE_SPEED2
1296,142637,0.38,-1.96,-0.52,2.06,195.95,42.44,IMBALANCE_SPEED2
1297,142738,0.02,0.36,1.03,1.09,198.73,42.44,IMBALANCE_SPEED2
1298,142838,0.01,-0.00,-0.00,0.01,69.54,42.44,IMBALANCE_SPEED2
1299,142937,0.38,-1.96,-0.52,2.06,75.88,42.44,IMBALANCE_SPEED2
1300,143038,0.03,0.37,1.03,1.09,54.96,42.44,IMBALANCE_SPEED2
1301,143138,-0.01,-0.00,-0.00,0.01,205.09,42.44,IMBALANCE_SPEED2
1302,143237,0.38,-1.96,-0.52,2.06,180.71,42.44,IMBALANCE_SPEED2
1303,143338,0.01,0.39,1.03,1.10,337.44,42.44,IMBALANCE_SPEED2
1304,143438,0.00,-0.00,-0.00,0.00,184.55,42.44,IMBALANCE_SPEED2
1305,143537,0.38,-1.96,-0.52,2.06,138.95,42.44,IMBALANCE_SPEED2
1306,143638,0.00,0.40,1.03,1.10,105.20,42.44,IMBALANCE_SPEED2
1307,143738,0.01,0.38,1.03,1.10,198.31,42.44,IMBALANCE_SPEED2
1308,143838,0.00,-0.00,-0.00,0.00,109.61,42.44,IMBALANCE_SPEED2
1309,143938,0.01,0.39,1.03,1.10,133.23,42.44,IMBALANCE_SPEED2
1310,144038,0.01,0.38,1.03,1.10,66.52,42.44,IMBALANCE_SPEED2
1311,144138,0.01,0.38,1.03,1.10,107.78,42.44,IMBALANCE_SPEED2
1312,144238,0.01,-0.00,-0.00,0.01,157.92,42.44,IMBALANCE_SPEED2
1313,144337,0.38,-1.96,-0.52,2.06,119.31,42.44,IMBALANCE_SPEED2
1314,144537,0.01,0.38,1.03,1.09,53.02,42.44,IMBALANCE_SPEED2
1315,144637,0.38,-1.96,-0.52,2.06,98.79,42.44,IMBALANCE_SPEED2
1316,144738,0.01,0.39,1.04,1.11,65.56,42.44,IMBALANCE_SPEED2
1317,144838,0.01,0.38,1.03,1.10,93.49,42.44,IMBALANCE_SPEED2